SupplierName,ContactName,email
"Physicians Total Care, Inc.",Leanora,lcatherine0@springer.com
"Best Sanitizers, Inc",Carr,cawmack1@go.com
"Geiss, Destin & Dunn, Inc.",Karmen,kcaren2@omniture.com
CONOPCO Inc. d/b/a Unilever,Ches,ctydd3@github.com
sanofi-aventis U.S. LLC,Giulietta,glavallie4@wikimedia.org
Shopko,Renado,rpolden5@merriam-webster.com
Rite Aid Corporation,Everard,elearman6@howstuffworks.com
"MSD Consumer Care, Inc.",Nancey,nterlinden7@mediafire.com
Teva Pharmaceuticals USA Inc,Lissa,lisakovic8@cnbc.com
"Nelco Laboratories, Inc.",Horacio,hgilyott9@webmd.com
"Philosophy, Inc",Chas,cbucklana@craigslist.org
Navajo Manufacturing Company Inc.,Olwen,oboomb@cdc.gov
"Physicians Total Care, Inc.",Matthew,mtatlowc@usda.gov
TAGI Pharma Inc.,Will,wdoagd@google.cn
Carilion Materials Management,Elbert,ecoatse@e-recht24.de
"Nelco Laboratories, Inc.",Griffie,gbullochf@themeforest.net
"NCS HealthCare of KY, Inc dba Vangard Labs",Spenser,scastelg@guardian.co.uk
St Marys Medical Park Pharmacy,Merilyn,mskryneh@fastcompany.com
"ProPhase Labs, Inc.",Concordia,csiggensi@xinhuanet.com
"Lupin Pharmaceuticals, Inc.",Amy,amaxweellj@ning.com
"ALK-Abello, Inc.",Nicki,nshearmerk@ucla.edu
"Taro Pharmaceuticals U.S.A., Inc.",Ardenia,agressl@oaic.gov.au
KAISER FOUNDATION HOSPITALS,Franzen,fupfoldm@nih.gov
Novartis Pharmaceuticals Corporation,Adair,aaddymann@t.co
Rebel Distributors Corp,Dorelle,dkeilloho@eepurl.com
"Meijer Distribution, Inc",Dael,dcheccuccip@taobao.com
Family Dollar,Melany,mcousensq@fc2.com
"Shaoxing Fuqing Health Products Co., Ltd.",Lucia,lkynetonr@washington.edu
Kosan Kozmetik Sanayi ve Ticaret A.S.,Katerine,kbarettes@kickstarter.com
"Hospira, Inc.",Stillmann,ssmileyt@blog.com
Torrent Pharmaceuticals Limited,Chiarra,coxtebyu@yandex.ru
Linde Gas North America LLC,Kory,kthelwllv@weebly.com
"Ortho-McNeil Janssen Pharmaceuticals, Inc.",Amie,acampeyw@businessweek.com
Rebel Distributors Corp,Stephana,skurtenx@accuweather.com
"Nelco Laboratories, Inc.",Yvette,ydandy@washington.edu
"APP Pharmaceuticals, LLC",Cully,ccolloughz@nih.gov
Valeant Pharmaceuticals International,Devora,ddudeney10@squidoo.com
HyVee Inc,Ephrem,efarlam11@lycos.com
Apotheca Company,Keane,kwandrach12@toplist.cz
"Alva-Amco Pharmacal Companies, Inc.",Staffard,sdesesquelle13@alibaba.com
"Preferred Pharmaceuticals, Inc",Mab,mhumm14@reddit.com
"Natureplex, LLC",Panchito,pmarle15@sfgate.com
Sandoz Inc,Andreas,alongbone16@ustream.tv
Belmora LLC,Mariann,mheskin17@dmoz.org
Mylan Pharmaceuticals Inc.,Randall,rtaylorson18@dion.ne.jp
"Nelco Laboratories, Inc.",Emmalee,emalsher19@amazon.co.uk
Walgreens,Archambault,arayment1a@cbslocal.com
International Beauty Exchange,Giselle,ghowels1b@123-reg.co.uk
Procter and Gamble Manufacturing Company,Bettine,bspacey1c@hibu.com
DZA Brands LLC,Isis,irosone1d@trellian.com
"Colgate Oral Pharmaceuticals, Inc.",Amabel,akeemar1e@spiegel.de
Natural Health Supply,Lay,ldightham1f@vistaprint.com
Cardinal Health,Ninon,nkluge1g@hhs.gov
Save-A-Lot Food Stores Ltd,Mikol,mcran1h@ustream.tv
State of Florida DOH Central Pharmacy,Doll,delion1i@skype.com
Bryant Ranch Prepack,Timothee,tabys1j@irs.gov
Valeant Pharmaceuticals North America LLC,Monte,meddowes1k@hao123.com
Aidarex Pharmaceuticals LLC,Mimi,mwebsdale1l@stanford.edu
"Stephen L. LaFrance Pharmacy, Inc.",Cathy,cganderton1m@spiegel.de
"Antigen Laboratories, Inc.",Keith,kandric1n@dropbox.com
Amerisource Bergen,Evey,ejendrassik1o@clickbank.net
L'Oreal USA Products Inc,Georgianna,gsegge1p@foxnews.com
Rite Aid Corporation,Noelyn,nsanderson1q@google.ca
"Jazz Pharmaceuticals, Inc.",Dix,djedryka1r@zimbio.com
Unit Dose Services,Leonidas,lgrimmert1s@gizmodo.com
Massco Dental A Division of Dunagin Pharmaceuticals,Mathias,mdemaine1t@umich.edu
"Golden State Medical Supply, Inc.",Willow,wcasol1u@themeforest.net
"Airgas-West, Inc.",Ellissa,escurfield1v@cbc.ca
"American Oxygen Company, Inc",Domenico,dbrazier1w@bloomberg.com
STAT RX USA LLC,Nicola,npena1x@ted.com
Ventura Corporation Limited,Andriana,ahardinge1y@zimbio.com
"Nelco Laboratories, Inc.",Barris,bdrioli1z@prnewswire.com
"Nelco Laboratories, Inc.",Sigvard,ssteanson20@360.cn
Contract Pharmacy Services-PA,Germain,gmewe21@wired.com
"Camber Pharmaceuticals, Inc.",Stephana,sgabitis22@harvard.edu
"Nelco Laboratories, Inc.",Jennica,jdanby23@epa.gov
Apotex Corp,Gayleen,gemm24@mail.ru
"Native Remedies, LLC",Roderic,remlen25@opera.com
"PD-Rx Pharmaceuticals, Inc.",Mellicent,msimmings26@sogou.com
"ABCO Laboratories, Inc",Karmen,kcouttes27@hao123.com
Major Pharmaceuticals,Ariana,aitzkovich28@stanford.edu
Rebel Distributors Corp,Mufinella,mscobbie29@nasa.gov
Cardinal Health,Miof mela,mludmann2a@tinyurl.com
Rebel Distributors Corp,Addison,aelecum2b@uol.com.br
CARDINAL HEALTH,Shelden,sschaumann2c@blogspot.com
Rite Aid,Mathe,mwagon2d@sun.com
Natural Health Supply,Merl,mcaldairou2e@cmu.edu
Wockhardt Limited,Diandra,drobic2f@imageshack.us
Walgreen Company,Ann-marie,ablumson2g@reddit.com
DIRECT RX,Rodrick,rireson2h@who.int
Apotheca Company,Melba,mdauncey2i@odnoklassniki.ru
Lake Erie Medical DBA Quality Care Products LLC,Reagen,roliva2j@desdev.cn
Cardinal Health,Dallas,dhutable2k@fotki.com
"International Labs, Inc.",Adam,avoak2l@dedecms.com
"PD-Rx Pharmaceuticals, Inc.",Krishna,kdevonshire2m@woothemes.com
The Procter & Gamble Manufacturing Company,Onofredo,ogudeman2n@nhs.uk
CVS Pharmacy,Kingston,ksillito2o@mlb.com
"Golden State Medical Supply, Inc.",Rafaellle,rysson2p@redcross.org
Virtus Pharmaceuticals LLC,Cordie,chanshaw2q@nhs.uk
McKesson Contract Packaging,Carrol,cbidewell2r@blinklist.com
"DZA Brands, LLC",Luigi,lretallick2s@stumbleupon.com
"Nelco Laboratories, Inc.",Darbee,dbovey2t@tuttocitta.it
DIRECT RX,Julia,jattac2u@gmpg.org
"CVS Pharmacy, Inc",Davin,dchalcraft2v@noaa.gov
"Paddock Laboratories, Inc.",Garvin,gkirlin2w@statcounter.com
"Roxane Laboratories, Inc",Berkly,bluc2x@time.com
Meijer Distribution Inc,Trstram,thatrick2y@comcast.net
STAT Rx USA LLC,Heath,hbriztman2z@reddit.com
Guthy-Renker LLC,Tove,tstollard30@unblog.fr
"Sun Pharmaceutical Industries, Inc.",Donia,ddykins31@people.com.cn
Johnson & Johnson Sante Beaute ? France,Dale,dgeockle32@yale.edu
Pharmacia and Upjohn Company,Andrea,agraveney33@springer.com
Laboratoires Clarins S.A.,York,ykasper34@mysql.com
Cardinal Health,Corena,capfel35@admin.ch
"Lil' Drug Store Products, Inc",Elsa,efeatherstone36@intel.com
"Fresenius Kabi USA, LLC",Lavinia,lpopplestone37@netvibes.com
Walgreen Co.,Valli,vpheazey38@tiny.cc
Indiana Botanic Gardens,Frazer,fhickford39@xrea.com
Apotheca Company,Eb,ewilkin3a@house.gov
"Physicians Total Care, Inc.",Tami,tsearchfield3b@yellowpages.com
"The Yeon Co., Ltd.",Dal,ddecent3c@free.fr
REMEDYREPACK INC.,Jourdan,jsimmans3d@storify.com
Boots Retail USA Inc,Nedda,ndougan3e@umich.edu
"Newton Laboratories, Inc.",Clyde,cdwelley3f@quantcast.com
Bryant Ranch Prepack,Pamela,pstpaul3g@goo.gl
REMEDYREPACK INC.,Salim,srisman3h@wunderground.com
CVS Pharmacy,Stefan,sclaasen3i@illinois.edu
"Sato Pharmaceutical Co., Ltd.",Lindsey,lpedrol3j@nasa.gov
"Blue Cross Laboratories, Inc.",Thekla,tpaszek3k@ovh.net
"GM Pharmaceuticals, Inc.",Pauly,pcridge3l@jugem.jp
"Akorn, Inc.",Codi,cdawtrey3m@wunderground.com
Mission Hills S.A de C.V,Greta,gdeclairmont3n@flickr.com
Lake Erie Medical DBA Quality Care Products LLC,Verne,vgebbe3o@liveinternet.ru
"Nelco Laboratories, Inc.",Marinna,mcasbon3p@msn.com
"Scott Holdings Co., Ltd.",Hildy,hduval3q@shop-pro.jp
Physician Therapeutics LLC,Britta,bblakey3r@lulu.com
AstraZeneca Pharmaceuticals LP,Tonnie,tdelnevo3s@oakley.com
Harris Teeter,Cobb,cdunrige3t@netvibes.com
LLC Federal Solutions,Arlyn,arorke3u@dot.gov
Harris Teeter,Nina,ndimatteo3v@example.com
McKesson Packaging Services a business unit of McKesson Corporation,Othilia,ogladden3w@usda.gov
Aaron Industries Inc.,Leoine,lsepey3x@wunderground.com
"American Home Respiratory Care, Inc.",Desi,deverest3y@army.mil
"Physicians Total Care, Inc.",Ody,ogieves3z@sfgate.com
CONOPCO Inc. d/b/a Unilever,Elias,eraison40@google.com.br
"Nova Homeopathic Therapeutics, Inc.",Hanny,htroth41@eepurl.com
"Lil' Drug Store Products, Inc.",Shepperd,sjenks42@aboutads.info
Dr. Reddy's Laboratories Inc,Fifi,fscales43@ft.com
"Blue Cross Laboratories, Inc",Poppy,pneathway44@twitpic.com
"ALK-Abello, Inc.",Nert,nbransgrove45@bloomberg.com
Procter & Gamble Manufacturing Co.,Harry,hbewlie46@miitbeian.gov.cn
St Marys Medical Park Pharmacy,Gayel,gvlies47@disqus.com
Kroger Company,Fons,fkeenleyside48@ebay.com
Baxter Healthcare Corporation,Cirillo,chuckin49@sbwire.com
"Hot Shots NM, LLC dba Midwest Positron Technology, LC",Janot,jstickens4a@amazon.co.uk
Procter and Gamble Manufacturing Company,Clarinda,ccretney4b@paginegialle.it
"Watson Laboratories, Inc.",Lorry,lsketh4c@phpbb.com
King Bio Inc.,Sally,slevane4d@sphinn.com
Apotheca Company,Dyanna,dgillespie4e@clickbank.net
Phyto Creativ,Antoine,afagan4f@multiply.com
WALGREEN CO.,Lacy,lwhelpdale4g@godaddy.com
Canberra Corporation,Karylin,kmugleston4h@state.tx.us
"Meijer Distribution, Inc",Christoph,cjoinson4i@netscape.com
Kosan Kozmetik Sanayi ve Ticaret A.S.,Siouxie,sjocelyn4j@google.com
Chain Drug Consortium,Mandel,mengall4k@hatena.ne.jp
"Stephen L. LaFrance Pharmacy, Inc.",Onida,odauney4l@cornell.edu
Strides Pharma Inc,Eustacia,elugden4m@amazon.de
Bryant Ranch Prepack,Forbes,fmacandrew4n@jalbum.net
"APP Pharmaceuticals, LLC",Debee,dbalsillie4o@stanford.edu
West-Ward Pharmaceutical Corp,Ariel,akamien4p@yelp.com
Precision Dose Inc.,Jon,jlere4q@dailymail.co.uk
Carilion Materials Management,Thia,tmoyer4r@baidu.com
Dynarex Corporation,Lynnea,lpavey4s@liveinternet.ru
"Daiichi Sankyo, inc.",Sibella,smurtagh4t@nifty.com
A-S Medication Solutions LLC,Charlotta,cgleadhall4u@devhub.com
"Albert Max, Inc.",Samson,skelloch4v@skyrock.com
Natures Way Holding Co.,Elise,edauby4w@themeforest.net
"Taro Pharmaceuticals U.S.A., Inc.",Enriqueta,eofogerty4x@tripod.com
Insight Pharmaceuticals,Hugh,hbratley4y@ocn.ne.jp
"Antigen Laboratories, Inc.",Natasha,nbodemeaid4z@harvard.edu
"Liddell Laboratories, Inc.",Cordy,celverstone50@istockphoto.com
"Nelco Laboratories, Inc.",Ignacio,imanoelli51@state.tx.us
"Novartis Consumer Health, Inc.",Reggie,rwimmer52@elpais.com
State of Florida DOH Central Pharmacy,Zorah,zforsdyke53@netscape.com
Bryant Ranch Prepack,Rosamond,rstable54@aol.com
Landy International,Claus,cbirley55@delicious.com
Sandoz Inc,Abigale,amccuffie56@sourceforge.net
Ventura International LTD,Chrissie,cheeron57@usgs.gov
Uriel Pharmacy Inc.,Vivia,vfowlestone58@time.com
Baxter Healthcare Corporation,Vale,vabdee59@adobe.com
Dynarex Corporation,Cherey,cdimitru5a@360.cn
REMEDYREPACK INC.,Fairleigh,fhedgecock5b@goo.ne.jp
Rising Pharmaceuticals Inc,Bordie,bveare5c@youtube.com
"Nelco Laboratories, Inc.",Flori,fcockroft5d@cdc.gov
"Forest laboratories, Inc.",Lexi,lpudsall5e@people.com.cn
"NCS HealthCare of KY, Inc dba Vangard Labs",Tricia,tkanter5f@merriam-webster.com
Rite Aid Corporation,Kaleb,kcassimer5g@mashable.com
Uriel Pharmacy Inc.,Melantha,mmcgroarty5h@pbs.org
REMEDYREPACK INC.,Jere,jerrett5i@sina.com.cn
"Aphena Pharma Solutions - Tennessee, LLC",Mercy,msalasar5j@about.com
"ALK-Abello, Inc.",Tallou,tyarker5k@bloglovin.com
"Larken Laboratories, Inc.",Guthrey,gcorss5l@thetimes.co.uk
Air Liquide America Specialty Gases LLC,Maud,mdelacey5m@creativecommons.org
Cardinal Health,Edna,ebenthall5n@usa.gov
Greenstone LLC,Julius,jcosans5o@bbc.co.uk
"APP Pharmaceuticals, LLC",Dari,dnoyce5p@pcworld.com
Bare Escentuals Beauty Inc.,Sabine,schatain5q@amazon.com
A-S Medication Solutions LLC,Veradis,vstygall5r@cnbc.com
AMOREPACIFIC,Vernor,vdunge5s@multiply.com
"Alva-Amco Pharmacal Companies, Inc.",Gilda,ggannon5t@narod.ru
"Breckenridge Pharmaceutical, Inc.",Dominic,dcolquitt5u@cornell.edu
"NCS HealthCare of KY, Inc dba Vangard Labs",Gael,ggyde5v@europa.eu
REMEDYREPACK INC.,Ferrell,fhayton5w@npr.org
"Bradford Soap Works, Inc.",Pate,phofler5x@hp.com
"Golden State Medical Supply, Inc.",Giacopo,gsnewin5y@foxnews.com
RITE AID CORPORATION,Ursola,ugerritsma5z@wunderground.com
Sun Pharma Global FZE,Lauraine,lduhig60@google.ru
P and L Development of New York Corporation,Quintus,qjeste61@slashdot.org
"Clinical Resolution Laboratory, Inc.",Grier,gcestard62@oaic.gov.au
McNeil Consumer Pharmaceuticals Co.,Douglass,dmelloy63@wsj.com
Kroger Company,Yuri,ywallach64@creativecommons.org
Dolgencorp.LLC,Tara,trene65@plala.or.jp
REMEDYREPACK INC.,Chickie,cpavett66@domainmarket.com
"Physicians Total Care, Inc.",Bennie,brolling67@google.com.br
GlaxoSmithKline Consumer Healthcare LP,Tedi,tfealty68@reverbnation.com
"Zhejiang Jingwei Pharmaceutical Co., Ltd.",Beulah,boakman69@prlog.org
Cadila Healthcare Limited,Honor,hbroe6a@phoca.cz
Bryant Ranch Prepack,Ronda,rraspin6b@webs.com
"Watson Laboratories, Inc.",Isacco,iabbitt6c@domainmarket.com
Guthy-Renker LLC,Robinetta,rroxbee6d@ftc.gov
"Shine & Pretty (USA), Corp.",Adrianna,akincla6e@newsvine.com
TOPCO ASSOCIATES LLC,Doro,dcartmale6f@irs.gov
Lake Erie Medical DBA Quality Care Products LLC,Siffre,sshillabear6g@wisc.edu
Cardinal Health,Felix,fchadband6h@1688.com
Mylan Pharmaceuticals Inc.,Elvyn,emacalroy6i@deliciousdays.com
"Upstate Pharma, LLC",Shara,sdeniseau6j@ebay.com
Qualitest Pharmaceuticals,Ruthe,rscocroft6k@globo.com
AbbVie Inc.,Faulkner,ffulton6l@dyndns.org
NV Perricone LLC,Gustie,grathjen6m@yandex.ru
"Nelco Laboratories, Inc.",Maximo,mkinane6n@springer.com
"ALK-Abello, Inc.",Madeleine,mcourson6o@google.com.hk
"True Botanica, LLC",Deni,dadao6p@who.int
"WOONSOCKET PRESCRIPTION CENTER,INCORPORATED",Lolly,lcurror6q@artisteer.com
"Paddock Laboratories, Inc.",Amaleta,achapier6r@ycombinator.com
"BioComp Pharma, Inc.",Janey,jsmallacombe6s@cyberchimps.com
"Hospira, Inc.",Harriot,hgaddas6t@springer.com
Cadila Healthcare Limited,Thane,tmaiklem6u@fema.gov
"Antigen Laboratories, Inc.",Bette-ann,bgellett6v@hostgator.com
"Physicians Total Care, Inc.",Reina,rsouthwood6w@list-manage.com
Guna spa,Idelle,ifarrear6x@youtu.be
"Antigen Laboratories, Inc.",Dwight,dmcvity6y@wikispaces.com
Reckitt Benckiser LLC,Glyn,gmayoh6z@umich.edu
A-S Medication Solutions LLC,Esmaria,etax70@freewebs.com
"Dharma Research, Inc.",Sheff,sbrockman71@senate.gov
"Lannett Company, Inc.",Melva,mreggler72@php.net
Novartis Pharmaceuticals Corporation,Sharyl,smucklo73@eepurl.com
"Physicians Total Care, Inc.",Katuscha,kwhoolehan74@github.com
Dispensing Solutions Inc.,Cosetta,cgravet75@paginegialle.it
Be Better Networks,Leodora,loverington76@joomla.org
"Preferred Pharmaceuticals, Inc",Norry,npeterson77@ed.gov
"Pharmaceutical Associates, Inc.",Burgess,bmoscrop78@msn.com
"PD-Rx Pharmaceuticals, Inc.",Devondra,dgroundwator79@dailymail.co.uk
Aidarex Pharmaceuticals LLC,Andriette,abromwich7a@mayoclinic.com
AstraZeneca LP,Gayel,gcongreve7b@slideshare.net
KAISER FOUNDATION HOSPITALS,Franny,flapworth7c@t.co
"MSD Consumer Care, Inc.",Dur,dmarfield7d@samsung.com
DIRECT RX,Silvana,smalitrott7e@angelfire.com
Qualitest Pharmaceuticals,Liana,lcove7f@noaa.gov
Safeway Inc.,Orv,osuttie7g@dailymail.co.uk
J. A. Cosmetics U.S. INC,Joy,jbirnie7h@youku.com
"Nelco Laboratories, Inc.",Ira,imclewd7i@skype.com
"Watson Pharma, Inc.",Barnebas,bsimes7j@yahoo.co.jp
"Antigen Laboratories, Inc.",Phoebe,pdelnevo7k@alexa.com
REMEDYREPACK INC.,Beniamino,bgreenleaf7l@ftc.gov
Pfizer Laboratories Div Pfizer Inc,Lennie,lrainford7m@census.gov
Cadila Healthcare Limited,Lotta,lmccarthy7n@mail.ru
Rite Aid,Townie,trawstorne7o@cam.ac.uk
McKesson Contract Packaging,Rurik,rallchin7p@alexa.com
"Hi-Tech Pharmacal Co., Inc.",Avie,amishaw7q@canalblog.com
Lake Erie Medical DBA Quality Care Products LLC,Ezekiel,ethurnham7r@huffingtonpost.com
REMEDYREPACK INC.,Henrietta,hdicarli7s@shareasale.com
Novartis Consumer Health,Patsy,pheinicke7t@dion.ne.jp
Lake Erie Medical DBA Quality Care Products LLC,Sibylle,sbointon7u@java.com
MAKESELLER GROUP INC.,Michele,mtheuss7v@hatena.ne.jp
"SAMJOKO SKYBLUE CO., LTD.",Archaimbaud,aharvett7w@telegraph.co.uk
Walgreens,Mary,mfiennes7x@shareasale.com
BCM Ltd,Genny,gtrunkfield7y@a8.net
"Rising Pharmaceuticals, Inc.",Lawrence,llerer7z@skyrock.com
Home Smart Products,Norris,nragless80@guardian.co.uk
King Bio Inc.,Thomasina,tmaffetti81@unblog.fr
Merck Sharp & Dohme Corp.,Isabeau,itremeer82@gmpg.org
American Health Packaging,Enrika,ecallam83@privacy.gov.au
Reckitt Benckiser LLC,Nona,ncolenutt84@uol.com.br
"ABCO Laboratories, Inc.",Olav,odacey85@g.co
International Beauty Exchange,Elinore,espeller86@stumbleupon.com
State of Florida DOH Central Pharmacy,Gunar,gsaltmarshe87@kickstarter.com
Dukal Corporation,Modestine,mreary88@thetimes.co.uk
"Dispensing Solutions, Inc.",Sunny,socaine89@fotki.com
"Physicians Total Care, Inc.",Luca,lblenkhorn8a@ox.ac.uk
"Golden State Medical Supply, Inc.",Packston,pduinbleton8b@nih.gov
"Antigen Laboratories, Inc.",Aila,abeere8c@newsvine.com
Barr Laboratories Inc.,Ginelle,gdearnaly8d@nationalgeographic.com
Forest Laboratories,Jean,jdan8e@hubpages.com
Lake Erie Medical DBA Quality Care Products LLC,Pincas,pdealey8f@networksolutions.com
REMEDYREPACK INC.,Jefferey,jdudny8g@desdev.cn
"Cover FX Skin Care, Inc.",Erma,ecolumbell8h@wix.com
"Hospira, Inc.",Audre,atym8i@usnews.com
Celgene Corporation,Waylan,wdobrowski8j@hp.com
Rhodes Pharmaceuticals L.P.,Shalne,singley8k@tmall.com
"GOJO Industries, Inc.",Cathlene,clistone8l@buzzfeed.com
"WG Critical Care, LLC",Carlie,cprazor8m@alibaba.com
AMOREPACIFIC,Gianna,gschade8n@amazon.de
Mylan Pharmaceuticals Inc,Amie,agregs8o@loc.gov
"Aphena Pharma Solutions - Tennessee, LLC",Orren,ocicccitti8p@ow.ly
"RAKU STORY Co., Ltd",Damon,dmaccombe8q@mozilla.org
Apotheca Company,Marylinda,mneesam8r@howstuffworks.com
Mylan Pharmaceuticals Inc.,Hershel,hbelton8s@mtv.com
"Lab Safety Supply, Inc.",Noelle,nsharman8t@telegraph.co.uk
SPARMED ApS,Merna,mdimitru8u@yahoo.com
"Nelco Laboratories, Inc.",Adelind,afarherty8v@odnoklassniki.ru
Lake Erie Medical & Surgical Supply DBA Quality Care Products LLC,Roxana,rpacke8w@ehow.com
"Tom's of Maine, Inc.",Loraine,lcomello8x@hao123.com
Neutrogena Corporation,Nickolas,ncorbie8y@dailymail.co.uk
"NOVEN THERAPEUTICS, LLC",Flossi,fpenhall8z@businesswire.com
Biologische Heilmittel Heel,Rachelle,reddolls90@barnesandnoble.com
Kroger Company,Emmott,esinderland91@amazon.com
CHANEL PARFUMS BEAUTE,Lainey,lnesbeth92@ebay.co.uk
Pure Source Inc.,Barnard,bgriswood93@tuttocitta.it
"NCS HealthCare of KY, Inc dba Vangard Labs",Rose,rdzeniskevich94@java.com
BluePoint Laboratories,Jo ann,jdennett95@free.fr
"Chattem, Inc.",Kippar,kvarnam96@freewebs.com
REMEDYREPACK INC.,Arda,awasylkiewicz97@ustream.tv
"Nelco Laboratories, Inc.",Culley,chabercham98@unesco.org
Dr. Reddy's Laboratories Limited,Fransisco,fcastilljo99@miibeian.gov.cn
Par Pharmaceutical Inc.,Vicki,vceeley9a@auda.org.au
WALGREEN CO.,Hobard,hbillinge9b@auda.org.au
Meijer Distribution Inc,Orelee,oluno9c@smh.com.au
Parfums Christian Dior,Emiline,ewillbond9d@list-manage.com
Jubilant HollisterStier LLC,Nonah,ndisdel9e@yellowbook.com
"Nelco Laboratories, Inc.",Dixie,dbertram9f@economist.com
"General Injectables & Vaccines, Inc",Larissa,lgreer9g@jiathis.com
Mary Kay Inc.,Marley,mkrauss9h@slideshare.net
BJWC,Zondra,zchurching9i@biglobe.ne.jp
"PD-Rx Pharmaceuticals, Inc.",Rudolfo,rside9j@unblog.fr
Navajo Manufacturing Company Inc.,Maisey,mmckinley9k@hibu.com
Cardinal Health,Rosemary,rjoffe9l@zimbio.com
NorthStar RxLLC,Dell,dchatband9m@opera.com
"PD-Rx Pharmaceuticals, Inc.",Mark,mbasler9n@over-blog.com
"Autumn Harp, Inc.",Staford,scapnor9o@printfriendly.com
"AvKARE, Inc.",Phylis,pmacintosh9p@phpbb.com
American Health Packaging,Odessa,omacrory9q@miibeian.gov.cn
"Cintex Services, LLC",Odele,oslocum9r@japanpost.jp
"GOWOONSESANG COSMETICS CO., LTD.",Pollyanna,pverdy9s@fema.gov
Macleods Pharmaceuticals Limited,Lissi,lbutland9t@fema.gov
Mylan Pharmaceuticals Inc.,Lou,lguinery9u@newyorker.com
"Nelco Laboratories, Inc.",Sadella,sskyppe9v@altervista.org
Xspire Pharma,Joell,jbeatey9w@bigcartel.com
WOCKHARDT USA LLC,Nettle,nmartinyuk9x@elegantthemes.com
"Preferred Pharmaceuticals, Inc",Donelle,dkiffin9y@boston.com
"General Injectables & Vaccines, Inc",Tabby,tmathivet9z@ow.ly
"WH Nutritionals, LLC",Tammara,tlebossea0@elpais.com
H E B,Claudine,cilyunina1@domainmarket.com
Rebel Distributors Corp,Dwight,dbarbaraa2@creativecommons.org
Rebel Distributors Corp,Baldwin,bgiveena3@gmpg.org
Washington Homeopathic Products,Constancia,cdrona4@howstuffworks.com
Sandoz Inc.,Teddy,tmethringhama5@blogspot.com
Clinical Solutions Wholesale,Obadias,okitneya6@wufoo.com
Mary Kay Inc.,Audrie,aroggieria7@aboutads.info
Natural Health Supply,Brett,bjannawaya8@cdbaby.com
Llorens Pharmaceutical International Division,Konrad,kwarlanda9@senate.gov
"Unichem Pharmaceuticals (USA), Inc.",Ortensia,ogandaraa@123-reg.co.uk
Alaven Pharmaceutical LLC,Boniface,bkeizmanab@wikia.com
Parfums Christian Dior,Veriee,vbangheac@baidu.com
Ross Healthcare Inc.,Rozele,rbullantad@smh.com.au
The Dial Corporation,Yankee,ymunsonae@woothemes.com
Empack Spraytech Inc.,Nettie,nletteresseaf@apple.com
Merck Sharp & Dohme Corp.,Bjorn,bdefraineag@oakley.com
Meijer Distribution Inc,Shawn,sissettah@pagesperso-orange.fr
West-Ward Pharmaceutical Corp,Antonius,adeussai@t.co
"Taro Pharmaceuticals U.S.A., Inc.",Enrika,eullockaj@i2i.jp
Patterson Dental Supply Inc,Sky,slouchak@sitemeter.com
Kroger Co,Trever,tdecristofaloal@apple.com
"Prime Packaging, Inc.",Haven,hpymeram@google.cn
Concordia Pharmaceuticals Inc.,Chevy,cosbandan@theglobeandmail.com
Jubilant HollisterStier LLC,Viviene,vroyleao@washingtonpost.com
KEYSUN PTY. LIMITED Also Traded as KEYSUN LABORATORIES,Kerrin,kgarronap@globo.com
REMEDYREPACK INC.,Anet,ayepiskovaq@quantcast.com
"MedVantx, Inc.",Norri,nrochfordar@nps.gov
"Koh Gen Do USA, Inc",Thatch,tgallatlyas@intel.com
"Actavis Pharma, Inc.",Legra,leddicottat@twitpic.com
"Ventura Corporation (San Juan, P.R)",Waite,wsweatlandau@seattletimes.com
"Aidance Skincare & Topical Solutions, LLC",Merill,mmothav@com.com
"A&Z Pharmaceutical, Inc.",Grange,ghollerinaw@nps.gov
Cardinal Health,Clovis,cgarvinax@businessweek.com
Space Brands Limited,Francyne,fbarrsay@cbc.ca
Cardinal Health,Albert,awrothaz@live.com
"GANZ U.S.A., LLC",Sherie,sarstallb0@rambler.ru
STAT RX USA LLC,Dehlia,dbousfieldb1@un.org
"Physicians Total Care, Inc.",Zeke,zvonwelldunb2@unesco.org
HYVEE INC,Suzanna,swinnb3@facebook.com
American Health Packaging,Costanza,cmcpeckb4@irs.gov
"Jets, Sets, & Elephants Beauty Corp.",Carling,catwaterb5@globo.com
"Xiamen Anna Global Co., Ltd",Malynda,mtungateb6@java.com
Teva Pharmaceuticals USA Inc,Sephira,sstearnesb7@ehow.com
Zydus Pharmaceuticals (USA) Inc.,Donica,disaksenb8@unicef.org
Conopco Inc. d/b/a Unilever,Gustav,gwhinneyb9@twitter.com
China Ningbo Shangge Cosmetic Technology Corp.,Alameda,atonksba@cafepress.com
Qualitest Pharmaceuticals,Boycey,bpeddersenbb@army.mil
HOMEOLAB USA INC.,Nannette,nboltonbc@wikimedia.org
Cardinal Health,Lula,lzannottibd@shareasale.com
Washington Homeopathic Products,Mariejeanne,mspurgeonbe@wikipedia.org
Cadila Healthcare Limited,Charis,crubroebf@pagesperso-orange.fr
Cardinal Health,Flem,fdebruijnebg@symantec.com
Novartis Pharmaceuticals Corporation,Juanita,jbettlesbh@prlog.org
Kroger Company,Cirillo,ccacaciebi@meetup.com
"Accord Healthcare, Inc.",Abbye,adunsfordbj@webmd.com
Revlon Consumer Products Corp,Lek,llevingbk@home.pl
DZA BRANDS LLC,Hestia,hpoyzerbl@bluehost.com
Bryant Ranch Prepack,Griffith,glammersbm@who.int
"Nelco Laboratories, Inc.",Milt,mcantbn@pbs.org
North Safety Products,Tadd,tfyshbo@artisteer.com
Western Family Foods Inc,Rudiger,rgellierbp@w3.org
Mylan Pharmaceuticals Inc.,Mandy,mcarnihanbq@vk.com
"AMI Cosmetic Co.,Ltd.",Lorita,lfiskbr@behance.net
Sandoz Inc,Gerri,gpenellabs@earthlink.net
REMEDYREPACK INC.,Quinta,qrittmeyerbt@loc.gov
Cardinal Health,Constantine,cgarlingbu@studiopress.com
H&C 21 America Inc,Daffy,dlemanbv@163.com
"Crumpton Welding Supply & Equipment, Inc",Bliss,bmcfarlanebw@mayoclinic.com
Meijer Distribution Inc,Shelden,sdelphbx@europa.eu
"Alcon Laboratories, Inc.",Garvin,gfidilisby@answers.com
PHYSICIANS FORMULA INC,Tudor,tpitcherbz@shareasale.com
"Physicians Total Care, Inc.",Ethyl,eklimowiczc0@jiathis.com
Precision Dose Inc.,Babette,bandrichukc1@ebay.com
Mallinckrodt Inc.,Andriana,ajentc2@amazon.de
CVS Pharmacy,Dodie,dinklesc3@dagondesign.com
Biocosmetic Research Labs,Roselin,rrobertic4@wikimedia.org
 Forces of Nature,Dwight,dnialc5@aboutads.info
Amerisource Bergen,Adrian,aklugc6@desdev.cn
REMEDYREPACK INC.,Leigh,lgainsboroc7@sciencedirect.com
Topco Associates LLC,Dur,dpeppinc8@themeforest.net
RedPharm Drug Inc.,Rolland,rtwyfordc9@ebay.com
Sandoz Inc.,Delphine,dgossonca@php.net
SHISEIDO AMERICA INC.,Rozele,rtrimnellcb@uol.com.br
Accord Healthcare Inc.,Tara,traisbeckcc@craigslist.org
CVS Pharmacy,Haily,hdebrettcd@ucoz.com
Camber Pharmaceuticals Inc.,Giovanna,gmccaullce@youku.com
"Mallinckrodt, Inc.",Edin,etomscf@cnet.com
American Health Packaging,Julianne,jyoulescg@imageshack.us
Unit Dose Services,Janenna,jlettench@reddit.com
Energizer Personal Care LLC,Laverne,lmcarteci@vk.com
"CVS Pharmacy, Inc",Garold,gmacgorleycj@yahoo.co.jp
"Newton Laboratories, Inc.",Barn,bbarnwillck@goo.gl
Briangeli Beauty Enterprises,Erie,ewithringtencl@thetimes.co.uk
"Akorn, Inc.",Ira,igraithcm@wordpress.com
"Aidance Skincare & Topical Solutions, LLC",Roxane,rbartaletticn@apple.com
DZA Brands LLC,Gale,gbaxco@wikia.com
Syntrion GmbH,Arney,aheninghemcp@nps.gov
Hylands Inc.,Antoni,adavidoviccq@comsenz.com
"Wausau Paper Towel & Tissue, LLC",Glennie,gtomasinicr@mail.ru
Pharmacia and Upjohn Company,Malinda,mhalseycs@businessinsider.com
Procter & Gamble Manufacturing Company,Connor,cmcbethct@census.gov
"CCA Industries, Inc.",Erinn,emaciejacu@nih.gov
REMEDYREPACK INC.,Ursala,upittwaycv@csmonitor.com
Jubilant HollisterStier LLC,Quinlan,qmuddimancw@sogou.com
Sun Pharma Global FZE,Dav,dferruzzicx@fastcompany.com
Pfizer Laboratories Div Pfizer Inc,Marcos,msimionatocy@ed.gov
Cardinal Health,Caspar,cknivetoncz@mail.ru
"Clinical Resolution Laboratory, Inc.",Tadd,tdultond0@vk.com
Aaxis Pacific,Kiley,kmccuskerd1@smugmug.com
SiCap Industries LLC,Toma,tscuttsd2@addtoany.com
DZA Brands LLC,Kerri,ksimoncinid3@blogspot.com
Sagent Pharmaceuticals,Gabriellia,gbwyed4@cisco.com
Apotheca Company,Rowe,rlouisd5@sohu.com
"Nelco Laboratories, Inc.",Winifield,wavoryd6@prlog.org
Philosophy Inc.,Catie,criquetd7@gmpg.org
"ALK-Abello, Inc.",Zulema,ztearneyd8@prnewswire.com
REMEDYREPACK INC.,Silvio,srapad9@cnbc.com
"American Regent, Inc.",Kimball,kfrogleyda@google.pl
Mission Hills S.A de C.V,Blondelle,bnaptondb@bizjournals.com
"Newton Laboratories, Inc.",Hyacintha,hsahnowdc@psu.edu
"PD-Rx Pharmaceuticals, Inc.",Doroteya,dvamplewdd@hugedomains.com
REMEDYREPACK INC.,Aurelea,amcanenyde@freewebs.com
"Physicians Total Care, Inc.",Heddi,hkeigdf@blog.com
"Fresenius Kabi USA, LLC",Brigit,bbrunrothdg@bbc.co.uk
Supervalu Inc,Lizette,lmattosoffdh@google.com.br
AMOREPACIFIC,Dorisa,ddigglesdi@home.pl
Lake Erie Medical DBA Quality Care Products LLC,Jewelle,jvanyukovdj@rambler.ru
Apotheca Company,Saxe,ssteeledk@sfgate.com
Sancilio & Company Inc,Veriee,vwalworthdl@discuz.net
Teva Pharmaceuticals USA Inc,Tera,tkatzdm@berkeley.edu
"AvKARE, Inc.",Iorgo,ihavocdn@reference.com
Cardinal Health,Jedd,jhunsworthdo@xrea.com
Corepharma LLC.,Gaile,gglozmandp@washingtonpost.com
Boots Retail USA Inc,Haily,hplumbleydq@opensource.org
American Health Packaging,Adiana,amorillasdr@apache.org
Major Pharmaceuticals,Jared,jscarlands@hud.gov
Jubilant HollisterStier LLC,Rubia,rquartermaindt@addtoany.com
Jubilant HollisterStier LLC,Cchaddie,cfredianidu@shutterfly.com
Seton Pharmaceuticals,Kellina,kbortolazzidv@wunderground.com
"NCS HealthCare of KY, Inc dba Vangard Labs",Dionysus,dhissettdw@privacy.gov.au
"Physicians Total Care, Inc.",Ed,efidilisdx@prnewswire.com
Mantong,Lauralee,lhalegarthdy@china.com.cn
Mylan Pharmaceuticals Inc.,Appolonia,alaverickdz@marriott.com
Amerisource Bergen,Daisy,dbalderye0@dmoz.org
"Vi Jon, Inc",Jaimie,jsancheze1@zdnet.com
Teva Pharmaceuticals USA Inc,Stormi,syarnleye2@prnewswire.com
Bausch & Lomb Incorporated,Cecily,cswindleye3@vinaora.com
Wal-Mart Stores Inc,Crosby,ckitchinghame4@msu.edu
Cardinal Health,Janeva,jongee5@hatena.ne.jp
REMEDYREPACK INC.,Aharon,alavaracke6@ovh.net
Apotheca Company,Janeen,jvanyakine7@businessweek.com
"Liddell Laboratories, Inc.",Gery,gtregensoee8@jiathis.com
UNITED EXCHANGE CORP,Moore,mlydalle9@pinterest.com
"Menper Distributors, Inc.",Ethelin,eserraillierea@techcrunch.com
"Gemini Laboratories, LLC",Laureen,lyegorkoveb@squidoo.com
Neutrogena Corporation,Lacey,lvanderveldtec@time.com
"Watson Laboratories, Inc.",Dionysus,dmaryeted@nih.gov
Meijer Distribution Inc,Vick,vhaldeneee@mtv.com
"Allermed Laboratories, Inc.",Gianna,gbrittinef@blogspot.com
Walgreen Company,Jaclin,jmacmenamyeg@163.com
"SJ Creations, Inc.",Mandel,mskeateseh@symantec.com
Guardian Drug Company,Joaquin,jviseei@csmonitor.com
Access Business Group LLC,Latia,lpennettaej@census.gov
Physician Therapeutics LLC,Margarette,mfairbrassek@house.gov
Aidarex Pharmaceuticals LLC,Bellina,balgarel@arstechnica.com
New Sun Inc.,Sande,scordyem@theglobeandmail.com
Mylan Institutional Inc.,Lazar,lhedanen@businessinsider.com
"Physicians Total Care, Inc.",Boris,bcheneeo@twitter.com
"Watson Laboratories, Inc.",Ewart,epudenep@topsy.com
"Taro Pharmaceuticals U.S.A., Inc.",Frederic,frenfortheq@cisco.com
Pharmalab Enterprises Inc.,Kipp,kgouleyer@ted.com
Sesvalia USA LLC,Leicester,leickhoffes@people.com.cn
The Magni Company,Gibby,grudingeret@vimeo.com
Lake Erie Medical DBA Quality Care Products LLC,Gare,goldcrofteu@deviantart.com
"Preferred Pharmaceuticals, Inc.",Maggee,mdobrovskyev@archive.org
CVS Pharmacy,Arabelle,afraczekew@google.it
Sun Pharma Global FZE,Tammara,tglisenanex@netscape.com
Shopko,Mile,mlackieey@hhs.gov
Walgreens Company,Madison,mrobardleyez@opensource.org
"Physicians Total Care, Inc.",Salli,songf0@youtu.be
"Hangzhou Facecare Cosmetics Co., Ltd.",Lindsay,ltremblayf1@seesaa.net
"Eco-Logics, Inc.",Adriena,agraeberf2@discuz.net
"Kutol Products Company, Inc.",Issi,ilutschf3@myspace.com
Dr Reddy's Laboratories,Teresa,tburminghamf4@gov.uk
Kmart Corporation,Sharia,sbeckfordf5@google.nl
Unit Dose Services,Ralf,rhedmanf6@webeden.co.uk
Major Pharmaceuticals,Austine,aheynenf7@msn.com
"Physicians Total Care, Inc.",Carleen,cangelof8@aol.com
Water-Jel Technologies,Laurella,lkinsellf9@exblog.jp
Aurobindo Pharma Limited,Panchito,pjantelfa@yahoo.co.jp
"Nelco Laboratories, Inc.",Galina,gtampionfb@scribd.com
"Nelco Laboratories, Inc.",Marje,mfareyfc@ucoz.ru
ORIGINS NATURAL RESOURCES INC,Gussie,gkaesmakersfd@discovery.com
Actavis Elizabeth LLC,Suzy,solomanfe@wikipedia.org
Premium Formulations LLC,Rachelle,rdemcakff@arstechnica.com
"Nelco Laboratories, Inc.",Mollee,mmaystonfg@ow.ly
"Aloe Vera of America, Inc.",Alissa,atayloefh@usgs.gov
"BioActive Nutritional, Inc.",Dominga,dgierfi@aboutads.info
"Unither Manufacturing, LLC",Barbie,bvarleyfj@addtoany.com
Shanghai Weierya Daily Chemicals Factory,Brocky,bbirchfk@chron.com
HyVee Inc,Maje,mpresshaughfl@ifeng.com
Cadila Healthcare Limited,Sayre,srodwayfm@discovery.com
"Taro Pharmaceuticals U.S.A., Inc.",Marris,mcrightenfn@cnbc.com
Ranbaxy Pharmaceuticals Inc.,Dolli,dreadwoodfo@privacy.gov.au
Neutrogena Corporation,Lemar,lricsonfp@cargocollective.com
Herbal Authority,Tabbie,twaterworthfq@netlog.com
REMEDYREPACK INC.,Pasquale,pbigadikefr@linkedin.com
"APP Pharmaceuticals, LLC",Catarina,cjozwikfs@nhs.uk
"Physicians Total Care, Inc.",Clea,cwimsettft@cornell.edu
Par Pharmaceutical Inc.,Kiah,keustesfu@g.co
WOCKHARDT LIMITED,Ebonee,ecolquhounfv@paginegialle.it
"APP Pharmaceuticals, LLC",Law,lmercyfw@nytimes.com
Lake Erie Medical & Surgical Supply DBA Quality Care Products LLC,Timothy,tswinbournefx@pbs.org
"Dispensing Solutions, Inc.",Lotte,lmcphillipsfy@symantec.com
"Nelco Laboratories, Inc.",Craig,cnowillfz@sina.com.cn
Aidarex Pharmaceuticals LLC,Marika,mbleacherg0@de.vu
Kremers Urban Pharmaceuticals Inc.,Drake,dtreeceg1@nymag.com
McKesson,Beilul,bpendlingtong2@booking.com
REMEDYREPACK INC.,Stefano,smoggg3@ftc.gov
"Allermed Laboratories, Inc.",Natividad,nwhittyg4@wikia.com
HOMEOLAB USA INC.,Mikol,mkenrackg5@mail.ru
"NexAir, LLC",Marissa,mharrisg6@goo.gl
Procter & Gamble Manufacturing Company,Howard,hcouttesg7@sun.com
"Energique, Inc.",Burgess,blappingg8@washington.edu
American Health Packaging,Jodie,jwyldesg9@deviantart.com
Pfizer Laboratories Div Pfizer Inc.,Brion,bwillarsga@histats.com
"SJ Creations, Inc.",Gilberte,gfernandesgb@dropbox.com
Bausch & Lomb Incorporated,Genevra,gturbefieldgc@china.com.cn
Nantong Health & Beyond Hygienic Products Inc.,Laurella,lbuttfieldgd@1und1.de
Cardinal Health,Eydie,esnadenge@123-reg.co.uk
"Aphena Pharma Solutions - Tennessee, Inc.",Scot,sblundingf@g.co
Momentum Brands dba 99 Cents Only Stores,Palm,preinbechgg@buzzfeed.com
"Lannett Company, Inc.",Raffaello,rphillippogh@state.tx.us
Gadal Laboratories Inc,Dalton,dmcnuttgi@prnewswire.com
"Actavis Pharma, Inc.",Veronique,vlugtongj@123-reg.co.uk
Five Below,Neall,nblankhorngk@dell.com
RxPak Division of McKesson Corporation,Cordelie,ceykelhofgl@loc.gov
Supervalu Inc,Una,urobichongm@apple.com
GE Healthcare Inc.,Rochester,rlarcieregn@ibm.com
Cardinal Health,Teresa,tpfeiffergo@people.com.cn
Mutual Pharmaceutical,Obadiah,odelaguagp@dmoz.org
"Greer Laboratories, Inc.",Shannen,sbetterissgq@globo.com
Pharmacia and Upjohn Company,Mohandas,misgargr@dell.com
"Deseret Biologicals, Inc.",Dino,ddibartolomeogs@nature.com
American Sales Company,Ethel,edugoodgt@deviantart.com
REMEDYREPACK INC.,Rustin,rfilipponigu@vkontakte.ru
"APP Pharmaceuticals, LLC",Rosanne,rkubicagv@fema.gov
"Medline Industries, Inc.",Delila,dsummersettgw@pinterest.com
State of Florida DOH Central Pharmacy,Roger,relmargx@cbsnews.com
"Caraco Pharmaceutical Laboratories, Ltd.",Austine,anorcrossgy@jalbum.net
"Physicians Total Care, Inc.",Bradney,bcardozogz@sciencedirect.com
"Nelco Laboratories, Inc.",Dilly,dbreedeh0@dell.com
Guna spa,Cindee,cgalsworthyh1@foxnews.com
"Deb USA, Inc.",Mordecai,mdaileh2@sakura.ne.jp
"APP Pharmaceuticals, LLC",Kathryne,ktesimonh3@t-online.de
Cardinal Health,Verney,vinotth4@ed.gov
"Deb USA, Inc.",Lincoln,lburlandh5@a8.net
Actavis Elizabeth LLC,Bernete,bannwylh6@rakuten.co.jp
"PD-Rx Pharmaceuticals, Inc.",Megen,mliddelh7@zdnet.com
"Aaron Industries, Inc.",Jefferson,jgouldthorpeh8@bloglovin.com
"Phoenix Bioperformance Products, LLC",Emily,epennycockh9@chronoengine.com
CVS Pharmacy,Kathe,kbennellickha@sitemeter.com
REMEDYREPACK INC.,Huberto,hheimshb@ehow.com
"Duchesnay USA, Inc.",Sigfried,sboninhc@sogou.com
Air Liquide America Specialty Gases LLC,Felisha,fmogeyhd@trellian.com
"Laboratorios Jaloma, S.A. de C.V.",Halsy,hfronzekhe@squidoo.com
Macleods Pharmaceuticals Limited,Bealle,bcopehf@chron.com
Uriel Pharmacy Inc.,Cinda,cbernhardihg@merriam-webster.com
REMEDYREPACK INC.,Deloria,droylancehh@patch.com
TOPCO ASSOCIATES LLC,Katlin,kohegertiehi@usa.gov
SHISEIDO AMERICAS CORPORATION,Gaile,gungerechtshj@jimdo.com
Greenstone LLC,Noell,natgerhk@myspace.com
Uriel Pharmacy Inc.,Kristy,kstorekhl@senate.gov
"Cephalon, Inc.",Flor,fcapperhm@nasa.gov
"Richmond Pharmaceuticals, Inc.",Gavan,gkassmanhn@1688.com
"Allergan, Inc.",Goldarina,ghogsdenho@themeforest.net
"Dispensing Solutions, Inc.",Travis,twoolletthp@washingtonpost.com
DSHealthcare,Demetri,dstockneyhq@bbc.co.uk
"Carver Korea Co.,Ltd",Gustaf,gbiglinhr@sakura.ne.jp
"Newton Laboratories, Inc.",Augusto,adarguehs@tinypic.com
"True Nature Group, Inc.",Robinet,rcarlessht@un.org
SOHM Inc.,Alika,agiottinihu@epa.gov
"Allermed Laboratories, Inc.",Lyle,lmaddernhv@cbc.ca
"Elizabeth Arden, Inc",Sheila-kathryn,sleathemhw@bbc.co.uk
HOMEOLAB USA INC,Verena,vporteoushx@webs.com
Major Pharmaceuticals,Eberhard,espelwoodhy@discovery.com
"PD-Rx Pharmaceuticals, Inc.",Poppy,pchristinhz@prnewswire.com
"SJ Creations, Inc.",Michail,mmulvaghi0@oracle.com
"Elizabeth Arden, Inc",Ailbert,ajuszkiewiczi1@sciencedirect.com
Greenstone LLC,Vida,vgrizardi2@ameblo.jp
"Dispensing Solutions, Inc.",Barrett,btilsleyi3@elegantthemes.com
"Professional Disposables International, Inc.",Laurice,ldmitrovici4@washington.edu
"Taro Pharmaceuticals U.S.A., Inc.",Starla,sgallatlyi5@cloudflare.com
"Oculus Surgical, Inc.",Marje,mouldcotti6@mozilla.org
"Aplicare, Inc.",Roy,rrothami7@phoca.cz
"Falcon Pharmaceuticals, Ltd.",Rab,rpharroi8@xinhuanet.com
"General Injectables & Vaccines, Inc",Damara,druscoei9@dailymail.co.uk
Uriel Pharmacy Inc.,Linn,llondingia@twitter.com
Aidarex Pharmaceuticals LLC,Arabele,afeighneyib@xrea.com
"Antigen Laboratories, Inc.",Alta,alowisic@networksolutions.com
"Humco Holding Group, Inc.",Leonidas,ljoreauid@cnbc.com
Safeway Inc,Kathleen,kchuneyie@statcounter.com
"LABORATORIOS SOPHIA, S.A. DE C.V.",Lezlie,lrennocksif@wisc.edu
"SHISEIDO CO., LTD.",Gawen,ggregoireig@biglobe.ne.jp
Topco Associates LLC,Lynea,lwillih@instagram.com
Apotheca Company,Clarice,cchannonii@csmonitor.com
"Wyeth Pharmaceuticals Inc., a subsidiary of Pfizer Inc.",Horten,hschultij@auda.org.au
"Dispensing Solutions, Inc.",Pen,pazemaik@tumblr.com
AR Medicom Inc,Lita,lkeeril@adobe.com
Session Savers Sunscreen LLC,Piper,pconyerim@printfriendly.com
Bryant Ranch Prepack,Retha,rforgiein@hhs.gov
"Antigen Laboratories, Inc.",Casper,cberreclothio@un.org
Space Brands Limited,Jareb,jdeppeip@amazon.co.jp
Uriel Pharmacy Inc.,Karna,kturnpennyiq@about.com
State of Florida DOH Central Pharmacy,Teddie,thallasir@sina.com.cn
"Oberon Cosmetic Co., Ltd.",Lionello,lhaycoxis@wired.com
"Aegerion Pharmaceuticals, Inc.",Chrotoem,csinnieit@utexas.edu
ORGANIC & SUSTAINABLE BEAUTY,Byrann,bnewiu@economist.com
A-S Medication Solutions LLC,Dominga,danmoreiv@virginia.edu
TOPCO ASSOCIATES LLC,Gray,gpelleriw@nsw.gov.au
"AvKARE, Inc.",Emmie,ebrillemanix@disqus.com
"Two Hip Consulting, LLC",Lorain,lbansaliy@discuz.net
"Breckenridge Pharmaceutical, Inc.",Ethe,ebellayiz@cdc.gov
AbbVie Inc.,Nari,nmillmoej0@arstechnica.com
REMEDYREPACK INC.,Fiann,fjoseburyj1@mapquest.com
CONOPCO Inc. d/b/a Unilever,Millie,mwarlowj2@diigo.com
Carilion Materials Management,Jolie,jglanvillej3@over-blog.com
Midlothian Laboratories,Jordan,jpuesj4@un.org
"New World Imports, Inc",Theressa,tlathayej5@google.es
Goodier Cosmetics LP,Rozina,rmcmurthyj6@nhs.uk
Sandoz Inc,Erna,enorvalj7@goo.gl
Ranbaxy Pharmaceuticals Inc.,Quintilla,qramsbyj8@scribd.com
"Hospira, Inc.",Dina,dbolzmannj9@4shared.com
Neutrogena Corporation,Matthew,mpletja@state.tx.us
Topco Associates LLC,Cathy,chowbrookjb@house.gov
Dolgencorp Inc,Miner,mnibleyjc@washington.edu
Teva Pharmaceuticals USA Inc,Virgie,vwarnerjd@apple.com
"APP Pharmaceuticals, LLC",Brooks,bpetkenje@mapy.cz
"PD-Rx Pharmaceuticals, Inc.",Conney,cfazziolijf@yandex.ru
"HANLIM PHARM. CO., LTD.",Ermina,ecettelljg@weather.com
"ALK-Abello, Inc.",Fee,ffaggejh@moonfruit.com
Apotex Corp.,Betteann,bjozwickiji@elegantthemes.com
A-S Medication Solutions LLC,Blanch,btamlettjj@marketwatch.com
"PD-Rx Pharmaceuticals, Inc.",Valentina,vshillamjk@yellowbook.com
"Shopko Stores Operating Co., LLC",Germayne,gpatchingjl@si.edu
Heritage Pharmaceuticals Inc.,Breanne,bfyfieldjm@live.com
"Nelco Laboratories, Inc.",Dina,dgreadyjn@edublogs.org
"Xiamen Anna Global Co., Ltd",Joellyn,joxberryjo@engadget.com
Mallinckrodt Inc.,Brendin,bkennerleyjp@themeforest.net
"KEDRION BIOPHARMA, INC",Chad,cmessinghamjq@tmall.com
"Boehringer Ingelheim Pharmaceuticals, Inc.",Allen,anoyesjr@disqus.com
"LG Household and Healthcare, Inc.",Lesly,lseakinjs@wired.com
"ASSURED / DOLLAR TREE (Greenbrier International, Inc.)",Allsun,adumbreckjt@timesonline.co.uk
Major Pharmaceuticals,Freddi,ffoleyju@wikipedia.org
"Fresenius Kabi USA, LLC",Cullan,cwysonjv@hud.gov
"Solco healthcare U.S., LLC",Hastie,htomaschkejw@wikispaces.com
Valesco Pharmaceuticals,Becca,bshemmingjx@webmd.com
Jubilant Cadista Pharmaceuticals Inc.,Vincent,vwhiteheadjy@tinyurl.com
HOMEOLAB USA INC,Jackie,jwipflerjz@wp.com
St Marys Medical Park Pharmacy,Garner,gwilmutk0@stanford.edu
Perrigo New York Inc,Tremaine,thenrichsenk1@diigo.com
Accord Healthcare Inc.,Ruthe,rswaylandk2@cnn.com
"Amneal Pharmaceuticals, LLC",Klaus,kratterk3@sbwire.com
American Health Packaging,Alikee,adorrank4@mlb.com
Kosan Kozmetik Sanayi ve Ticaret A.S.,Isabeau,ilowbridgek5@flickr.com
"Actient Pharmaceuticals, LLC",Arline,ayaxleyk6@yellowbook.com
"Changzhou Maokang Medical Products Co., Ltd",Tate,tdillamorek7@wikimedia.org
Chain Drug Consortium,Valentijn,vmurtellk8@ask.com
"ALK-Abello, Inc.",Dagmar,dayerstk9@upenn.edu
West-ward Pharmaceutical Corp,Myrtia,mragsdallka@sbwire.com
"APP Pharmaceuticals, LLC",Rudie,rsprionghallkb@noaa.gov
"TIME CAP LABORATORIES, INC.",Ilene,iedlingkc@china.com.cn
Uriel Pharmacy Inc.,Petra,pmclemonkd@archive.org
Best Accessory Group,Allsun,acathelke@usda.gov
"BioActive Nutritional, Inc.",Beverlie,bsillskf@sciencedirect.com
Hyland's,Barrie,bdavernkg@zdnet.com
"Dispensing Solutions, Inc.",Lindsay,lbenfieldkh@google.co.uk
"K&J.C Co., Ltd",Bobbie,bedgecumbeki@example.com
Cardinal Health,Lauren,lseagekj@vinaora.com
"Golden State Medical Supply, Inc.",Glynis,ggleetonkk@weibo.com
Northstar RxLLC,Normand,nmarjoramkl@desdev.cn
"Xanodyne Pharmaceuticals, Inc.",Benito,bbuchekm@topsy.com
Sandoz Inc.,Hashim,hfilovkn@jigsy.com
Kimberly-Clark Corporation,Isabella,igoveyko@accuweather.com
"Golden State Medical Supply, Inc.",Pepillo,pmaddinonkp@wordpress.org
"Salix Pharmaceuticals, Inc.",Star,sfredsonkq@walmart.com
"Physicians Total Care, Inc.",Clementina,ckestonkr@yahoo.com
BluePoint Laboratories,Carleen,cstearneks@rakuten.co.jp
Nash-Finch Company,Florella,fallardkt@topsy.com
"Lil' Drug Store Products, Inc.",Milka,mcoalbranku@gizmodo.com
Cipla Limited,Nona,nmackeeverkv@behance.net
Laboratoire Dr. Renaud,Federica,fmurrellskw@telegraph.co.uk
Cosmetica Laboratories Inc.,Ethe,efildekx@eepurl.com
Bryant Ranch Prepack,Lila,lgoldneyky@seattletimes.com
Procter & Gamble Manufacturing Company,Emogene,emaccathaykz@yahoo.co.jp
KANEBO COSMETICS INC.,Mariya,myezafovichl0@mysql.com
"Fresenius Kabi USA, LLC",Nichole,nblaskettl1@printfriendly.com
"Deb USA, Inc.",Chickie,cgammagel2@scientificamerican.com
"APP Pharmaceuticals, LLC",Broderic,bhayl3@goo.gl
Sandoz Inc,Dorothy,drapseyl4@smh.com.au
"Ferndale Laboratories, Inc.",Kristoforo,kenzleyl5@hhs.gov
Home Sweet Homeopathics,Basile,bgraddonl6@msu.edu
Lake Erie Medical & Surgical Supply DBA Quality Care Products LLC,Anabal,acreykel7@godaddy.com
Target Corporation,Guglielma,gsadlierl8@creativecommons.org
Smart and Final Stores,Florie,ffaloonl9@macromedia.com
Laboratorios Genesse SL,Nancy,nwinkworthla@businesswire.com
Comfort Medical,Julieta,jbickerstafflb@adobe.com
Neutrogena Corporation,Kenyon,kurrylc@example.com
REMEDYREPACK INC.,Monro,mlaurentld@ucsd.edu
Pfizer Consumer Healthcare,Hannie,hkuhndelle@wired.com
"Bare Escentuals Beauty, Inc.",Anjela,asheklelf@friendfeed.com
REMEDYREPACK INC.,Gilly,gkundtlg@jimdo.com
Virtus Pharmaceuticals,Marybelle,marletlh@taobao.com
McKesson,Kermie,koddli@ihg.com
Rebel Distributors Corp,Iggy,igaishlj@drupal.org
Cardinal Health,Rusty,rhildredlk@dot.gov
Ulta,Florian,fkasperskill@sbwire.com
General Welding Supply Corp.,Shaine,sgoldstrawlm@123-reg.co.uk
Walgreens,Margit,mbeelsln@businessweek.com
"NCS HealthCare of KY, Inc dba Vangard Labs",Florry,fadrianolo@nature.com
"Deseret Biologicals, Inc.",Yancy,ymcconnellp@washingtonpost.com
TRP Company,Isahella,ijiroudeklq@pagesperso-orange.fr
Lake Erie Medical DBA Quality Care Products LLC,Wilie,wbeestonlr@yahoo.co.jp
HEB,Donn,dbarterls@bluehost.com
Western Family Foods Inc,Elisha,emacavaddylt@mayoclinic.com
"SHISEIDO CO., LTD.",Alfonso,atitelu@cmu.edu
VIVIER PHARMA INC,Les,lbroskelv@odnoklassniki.ru
Apotheca Company,Ferdinanda,fprattylw@drupal.org
Carilion Materials Management,Buddy,bdominiklx@newsvine.com
CHAIN DRUG MARKETING ASSOCIATION INC,Vincenz,vhouldeyly@360.cn
"SHISEIDO CO., LTD.",Jermaine,jadamieclz@photobucket.com
Izun Pharmaceuticals Corporation,Helenelizabeth,hquickm0@whitehouse.gov
Apotheca Company,Quillan,qhazelgrovem1@weebly.com
Shionogi Inc.,Jasen,jfortnamm2@oracle.com
Buttner-Frank GmbH Arzt- und Krankenhausbedarf - Krankenpflege und Einmalartikel,Demott,dgillardm3@google.com.au
Laboratoires Gifrer Barbezat,Victor,vjewksm4@mail.ru
Meijer Distribution Inc,Terza,tbornm5@go.com
BioVeda,Nert,nmagwoodm6@typepad.com
Uriel Pharmacy Inc.,Joscelin,jallbrookm7@lycos.com
Wal-Mart Stores Inc,Hayward,hoslarm8@tinypic.com
ORLANE S.A.,Jacquenette,jcouttesm9@addthis.com
A-S Medication Solutions LLC,James,jhinschema@istockphoto.com
Xerion Dispensary Ltd.,Carolin,chaenselmb@jimdo.com
"Enzymatic Therapy, LLC",Simone,sruddinmc@desdev.cn
"Nelco Laboratories, Inc.",Cherry,cnorvalmd@nsw.gov.au
"CVS Pharmacy, Inc",Garrot,gbrandrethme@reuters.com
Mylan Pharmaceuticals Inc.,Elfreda,egilluleymf@bizjournals.com
REMEDYREPACK INC.,Nelli,nleyzellmg@cam.ac.uk
"Nelco Laboratories, Inc.",Lura,lhyndsonmh@freewebs.com
"International Wholesale, Inc.",Palm,pmacgianymi@g.co
"PD-Rx Pharmaceuticals, Inc.",Zebulon,zraspermj@irs.gov
Cardinal Health (Leader),Luce,lwintonmk@live.com
Ventura Corporation LTD.,Dilan,dsyfaxml@wiley.com
Direct Rx,Joly,jaguirremm@cdbaby.com
DZA Brands LLC,Shaun,sdimockmn@flickr.com
Contract Pharmacy Services-PA,Jobyna,jseargeantmo@bloglines.com
Procter & Gamble Manufacturing Company,Antone,aellenmp@newsvine.com
Corepharma LLC.,Shandie,sbiancomq@si.edu
"Preferred Pharmaceuticals, Inc.",Mamie,mbinfordmr@google.co.jp
Apotheca Company,Fayre,fblackshawms@tamu.edu
HOMEOLAB USA INC.,Muire,mheintzmt@a8.net
Rebel Distributors Corp,Terese,teffemymu@linkedin.com
Aurolife Pharma LLC,Susie,stuttlemv@photobucket.com
Hannaford Brothers Company,Ernestus,esprakesmw@google.com.br
"Taro Pharmaceuticals U.S.A., Inc.",Zelma,zcordallmx@ihg.com
H E B,Arlen,acurrommy@cocolog-nifty.com
A-S Medication Solutions LLC,Yurik,ymacconaghymz@cnet.com
REMEDYREPACK INC.,Nealy,nmoulen0@cornell.edu
Golden State Medical Supply,Jillian,jmarusicn1@forbes.com
Publix Super Markets Inc,Ash,aorsin2@bbb.org
Qualitest Pharmaceuticals,Janeen,jtownn3@nih.gov
Teva Pharmaceuticals USA Inc,Amargo,alacasen4@tinypic.com
Georgia-Pacific Consumer Products LP,Cynthea,cwalkinshawn5@home.pl
"PD-Rx Pharmaceuticals, Inc.",Coop,canfosson6@businesswire.com
Actavis Elizabeth LLC,Donni,dlanfearn7@163.com
Guerlain S.A.,Marcelia,mboyfieldn8@loc.gov
Cardinal Health,Jacquette,jrowlinsonn9@alibaba.com
Perrigo New York Inc,Dave,dsmythinna@google.nl
HyVee Inc,Elfrieda,ewantlingnb@va.gov
Health Mart,Corbet,cfebvrenc@netlog.com
Kmart Corporation,Blake,bbarlingnd@whitehouse.gov
McKesson,Jerrilee,jjeannelne@sohu.com
REMEDYREPACK INC.,Bellina,blavallenf@nps.gov
"Boehringer Ingelheim Pharmaceuticals, Inc.",Isabelle,itomanekng@google.com
Jubilant HollisterStier LLC,Leonid,lbencenh@sciencedaily.com
CVS Pharmacy Inc,Dunn,dtailourni@bbc.co.uk
"Laura Geller Beauty, LLC",Katerine,kleaheynj@purevolume.com
Jafra cosmetics International,Zaccaria,ztoraldnk@ehow.com
"Xanodyne Pharmaceuticals, Inc.",Dorey,dmallindernl@meetup.com
"Breckenridge Pharmaceutical, Inc.",Christie,csilknm@prlog.org
Ranbaxy Pharmaceuticals Inc.,Homerus,hpattillonn@cam.ac.uk
"Synergy Formulas, Inc.",Helsa,hmaytomno@elegantthemes.com
Mylan Pharmaceuticals Inc.,Blanche,bgonzalonp@google.es
"Greenbrier International, Inc.",Roberto,rcordeixnq@rediff.com
Rite Aid Corporation,Phyllis,pputlandnr@jiathis.com
Optics Laboratory Inc.,Starla,sjosephins@wp.com
Teva Pharmaceuticals USA Inc,Deonne,dlabrumnt@about.com
"Watson Pharma, Inc.",Winthrop,wpanternu@narod.ru
Walgreen Company,Parry,pstansallnv@mozilla.org
Line Pressure,Wendie,wnewricknw@vimeo.com
West-Ward Pharmaceutical Corp,Tim,tfarringtonnx@angelfire.com
University Medical Pharmaceuticals Corp,Kathye,kgovettny@gravatar.com
YVES ROCHER NORTH AMERICA INC,Perri,pleavensnz@creativecommons.org
"Antigen Laboratories, Inc.",Odelinda,osereso0@theatlantic.com
REMEDYREPACK INC.,Davie,dscartho1@princeton.edu
"SOMA Biotechnology Co., Ltd",Audy,ajacobovitzo2@about.com
"Hospira, Inc.",Dalston,dcressoro3@wired.com
"Actavis Pharma, Inc.",Wait,wfortho4@ed.gov
ALILY (ZHANGZHOU) BATH PRODUCTS LTD.,Bea,bewbancko5@state.tx.us
Prasco Laboratories,Brnaby,bfarmano6@jigsy.com
Procter & Gamble Manufacturing Company,Wynne,wjodrelleo7@devhub.com
St Marys Medical Park Pharmacy,Guenna,grapkinso8@friendfeed.com
"Aphena Pharma Solutions - Tennessee, LLC",Sarge,sellacombeo9@reverbnation.com
WellSpring Pharmaceutical Corporation,Clayton,cfinnemoreoa@oracle.com
STAT RX USA LLC,Candra,ccrasswellerob@about.com
REMEDYREPACK INC.,Terri,tbryceoc@flavors.me
Rebel Distributors Corp,Gianni,gdiwellod@rediff.com
Aurobindo Pharma Limited,Chantalle,csebertoe@illinois.edu
Northstar RxLLC,Penelopa,phenkensof@alibaba.com
Water-Jel Technologies,Bealle,bharradenceog@delicious.com
CRH Medical Corporation,Alys,adymokeoh@wix.com
REMEDYREPACK INC.,Chicky,ccrippenoi@who.int
GlaxoSmithKline LLC,Marijo,mdreweoj@twitpic.com
AMOREPACIFIC,Dalia,dkesbyok@hc360.com
"JUBILANT CADISTA PHARMACEUTICALS, INC.",Friederike,fjecockol@newsvine.com
"Ventura Corporation (San Juan, P.R)",Dulcinea,dsiretteom@over-blog.com
Mylan Institutional Inc.,Linn,lsivyouron@berkeley.edu
AMOREPACIFIC,Francine,frenoo@wunderground.com
Kroger Company,Danila,dstobieop@admin.ch
Stratus Pharamceuticals,Marrissa,mdanickoq@nationalgeographic.com
"Watson Laboratories, Inc.",Perry,pfomichyovor@imdb.com
Ferring Pharmaceuticals Inc.,Billy,bkellegheros@weibo.com
Dukal Corporation,Aleda,agrzegorzewiczot@fc2.com
Rebel Distributors Corp,Blondy,bbreezeou@aboutads.info
Apotheca Company,Clywd,csmalridgeov@imgur.com
"Compania Internacional de Comercio, S.A. de C.V.",Hollyanne,hhairyesow@sciencedirect.com
Walgreens,Andree,acantwellox@prweb.com
Cardinal Health,Saudra,scantonoy@blog.com
MEGASOL COSMETIC GMBH,Miller,mshuttlewoodoz@netvibes.com
"H2-Pharma, LLC",Fannie,fmatesp0@go.com
A-S Medication Solutions LLC,Bald,blugsdinp1@mail.ru
Pfizer Laboratories Div Pfizer Inc,Poppy,pridgwellp2@google.cn
American Continental Techlabs,Rosita,rchastaingp3@youtu.be
Walgreen Company,Marcela,mmendesp4@diigo.com
Safeway,Gottfried,gcarsp5@rakuten.co.jp
Sunovion Pharmaceuticals Inc.,Abigail,alorkinsp6@google.it
"Aplicare, Inc.",Berny,bmcgrailp7@dyndns.org
BJWC (Berkley & Jensen / BJ's),Zabrina,zstrudwickp8@senate.gov
Cardinal Health,Melissa,mmcclurep9@cloudflare.com
"Taro Pharmaceuticals U.S.A., Inc.",Blondy,bjurcapa@zdnet.com
Spartan Chemical Company,Latashia,lmaccurlyepb@feedburner.com
"Roxane Laboratories, Inc",Celinka,cpuddephattpc@technorati.com
ReadyMeds,Francklin,fturtonpd@photobucket.com
TRIZ LABORATORIES LTD,L;urette,lnequestpe@trellian.com
Supervalu Inc,Eldon,ecossanspf@usgs.gov
"Allergy Laboratories, Inc.",Othelia,ogreensidepg@cpanel.net
Premier Value,Cedric,cshearaph@bandcamp.com
AvPAK,Tandi,thoveypi@rambler.ru
"Nelco Laboratories, Inc.",Zared,zguinnesspj@vk.com
NMC (Natural Magma Cosmetics),Ibrahim,icaruspk@jugem.jp
Jubilant HollisterStier LLC,Gordy,gzorzipl@wisc.edu
"Mallinckrodt, Inc.",Lucien,ltallantpm@t-online.de
International Beauty Exchange,Viva,vmelbournpn@scribd.com
VIATREXX BIO INCORPORATED,Lita,lpointinpo@jigsy.com
Rite Aid,Domenic,dcreeberpp@japanpost.jp
Stallergenes S.A,Shoshana,swalthewpq@sun.com
A-S Medication Solutions LLC,Malanie,mhumpherypr@wikipedia.org
"Hospira, Inc.",Brok,bsortonps@domainmarket.com
"WESTERN FAMILY FOODS, INC.",Meriel,mtitleypt@tripadvisor.com
Rimmel Inc.,Laura,lregorzpu@networkadvertising.org
Rebel Distributors Corp.,Lockwood,ldenisyukpv@ucoz.ru
"Aplicare, Inc.",Zebedee,zsargeauntpw@furl.net
"PD-Rx Pharmaceuticals, Inc.",Terrijo,tmortonpx@nature.com
Teva Pharmaceuticals USA Inc,Jasmin,jbundypy@feedburner.com
Cardinal Health,Marv,mdripppz@sun.com
A-S Medication Solutions LLC,Cassandre,cwegmanq0@ustream.tv
"Hospira, Inc.",Kelley,kdenziloeq1@exblog.jp
SHISEIDO AMERICAS CORPORATION,Neile,ncaughtryq2@wsj.com
Apotheca Company,Elva,ebiscoq3@wsj.com
Darby Dental Supply Co,Gardner,ghaysarq4@ted.com
"Medline Industries, Inc.",Falkner,fbaynesq5@google.com.br
Atlantic Biologicals Corps,Tana,ttroutbeckq6@hao123.com
Mylan Pharmaceuticals Inc.,Ninnetta,nscudq7@rediff.com
"Med Health Pharma, LLC",Vinnie,vgambieq8@sakura.ne.jp
"On-Point, Inc",Celestina,clapreeq9@miitbeian.gov.cn
American Sales Company,Gregoire,ghukeqa@multiply.com
Laboratoires Clarins S.A.,Winnifred,whufferqb@marriott.com
Cardinal Health,Sherwynd,stampenqc@opera.com
Amerisource Bergen,Tremayne,tdifilippoqd@forbes.com
Virtus Pharmaceuticals LLC,Alanah,amctrustyqe@admin.ch
State of Florida DOH Central Pharmacy,Juline,jpavlovqf@g.co
Melaleuca Inc.,Burk,bsnewinqg@infoseek.co.jp
American Health Packaging,Mirella,mclemensonqh@kickstarter.com
Lake Erie Medical DBA Quality Care Products LLC,Ker,kyakobovitzqi@businessweek.com
TOPCO ASSOCIATES LLC,Martainn,mmillsapqj@digg.com
"Nelco Laboratories, Inc.",Lennard,lbusswellqk@mayoclinic.com
Procter and Gamble Manufacturing Company,Neron,nswindinql@cocolog-nifty.com
Ventura International LTD,Vincents,vbeedellqm@simplemachines.org
Target Corporation,Rooney,rlademannqn@oakley.com
Kmart Corporation,Garret,gyarntonqo@disqus.com
"Mission Hills, S.A. de C.V.",Matthiew,mmenichiniqp@php.net
Natural Health Supply,Gene,gsowleyqq@abc.net.au
"Tom's of Maine, Inc.",Brady,bricciardelloqr@ycombinator.com
Aurolife Pharma LLC,Gianina,gabernethyqs@comcast.net
"Tarte, Inc.",Zarla,zbrychanqt@harvard.edu
"Advanced Beauty Systems, Inc.",Giacomo,gstollwerckqu@diigo.com
State of Florida DOH Central Pharmacy,Stefan,sconradqv@altervista.org
Shionogi Inc.,Lidia,lboakeqw@yale.edu
"Antigen Laboratories, Inc.",Kelci,krichenqx@digg.com
Kimberly-Clark Corporation,Ekaterina,efurzeyqy@bluehost.com
"Deseret Biologicals, Inc.",Branden,bmccloryqz@imageshack.us
"Watson Pharma, Inc.",Renate,rjotchamr0@discuz.net
"Nelco Laboratories, Inc.",Jory,jhullahr1@blog.com
Sanum Kehlbeck GmbH & Co. KG,Marla,mworrallr2@chronoengine.com
American Health Packaging,Olivia,okerinr3@blogger.com
Walgreen Company,Petunia,pbarmadierr4@narod.ru
"Unichem Pharmaceuticals (USA), Inc.",Trixie,trumsbyr5@blogger.com
REMEDYREPACK INC.,Alard,aloudonr6@icio.us
Unit Dose Services,Myrtle,mpennycordr7@cocolog-nifty.com
Sandoz Inc,Carling,cfenichr8@bandcamp.com
"American Regent, Inc.",Ernestine,eclacsonr9@cisco.com
RedPharm Drug Inc.,Conroy,cvannuchira@ow.ly
Total Suncare LLC,Lynnet,lbuardrb@exblog.jp
"Nelco Laboratories, Inc.",Sorcha,sgwilliamrc@yale.edu
Lake Erie Medical DBA Quality Care Products LLC,Constanta,cheaneyrd@npr.org
Neutrogena Corporation,Huntlee,hminearre@squarespace.com
"ALK-Abello, Inc.",Zorah,zeastamrf@answers.com
"LG Household and Healthcare, Inc.",Carlotta,cmixrg@eepurl.com
"NATURE REPUBLIC CO., LTD.",Melisa,mgobyrh@squarespace.com
Cardinal Health,Grove,grivenzonri@nba.com
Dr. Reddy's Laboratories Limited,Edwina,ekeeganrj@apache.org
ORIGINS NATURAL RESOURCES INC.,Berkley,bfridrk@japanpost.jp
Bayer HealthCare Pharmaceuticals Inc.,Carmelia,cfidgeonrl@surveymonkey.com
Greenstone LLC,Oliviero,odaunayrm@un.org
"Nova Homeopathic Therapeutics, Inc.",Winny,wlonghornern@theguardian.com
"Dispensing Solutions, Inc.",Delilah,dsprattro@bing.com
Camber Pharmaceuticals,Cooper,cdamatorp@freewebs.com
Stallergenes S.A,Dorie,dcoulthartrq@miitbeian.gov.cn
REMEDYREPACK INC.,Devi,dhaldonrr@ebay.com
