ProductName,RefNumber
Eve Lom Radiance Lift Foundation SPF 15,8JCT-G61O
Amantadine Hydrochloride,724G-JFWY
Quinapril,O6L7-FT1E
ACME FIRST AID Contains 404 PIECES,XFJW-LT6W
A.H.C. Collagen Cream,WQ8M-AY89
Renes Mesenchyme,TW4L-9S50
Creon,DI30-F52P
Hemox A,AZ0L-VBXQ
Relistor,6YOA-JOK0
Myristica Argentum,HH9J-P1N1
HORSERADISH,JXD7-CJA7
BYDUREON,N9GY-VM2S
Crayola,Z81W-R6BL
Venlafaxine Hydrochloride,WRUY-SRTI
CANIS LUPUS FAMILIARIS SKIN,USXW-68EM
Aspirin NSAID,BWCD-LKTQ
Winning Hands Foaming Antibacterial,HX3B-9E2R
LypSyl Honeyberry,BG9R-CFLM
risperidone,04FW-9PZJ
Velvet Grass,6WOA-86YJ
Jock Itch,OZ1C-FOOB
The Cover Classic Foundation,4YQ4-YT42
Pain Relief,FG93-ACD3
Citalopram,G8JP-6IMG
SUPERDEFENSE DAILY DEFENSE MOISTURIZER BROAD SPECTRUM SPF20 (COMBINATION OILY - OILY),KXYS-0L4V
Naproxen,T7YF-JQ3B
MIDODRINE HYDROCHLORIDE,A4CL-06QW
MYUNG HAN MI IN DO FOUNDATION,OQDQ-YCZG
Fluoxetine Hydrochloride,Y72R-0K10
ALTERNARIA TENUIS,TKEB-8WQO
Polyethylene Glycol (3350),4729-J8BH
Leader Medicated Lip Balm,34GZ-ZLDX
Banana Boat UltraMist Baby Tear Free Continuous SPF 50,IPN1-VS8R
STROMECTOL,KUGU-75FP
Ambi Essentials,819K-KI2R
Hydralazine Hydrochloride,1K8J-VQEH
healthy accents nasal,GM9Z-EPWC
DiorSkin Nude 070 Dark Brown,1EY8-LD1P
Panadol,QM09-Y1EM
Carvedilol,LV79-NV3D
ibuprofen,ISFI-699S
Lidocaine HCl - Hydrocortisone Acetate,JWBT-B838
Oxybutynin Chloride,B6MO-UTIW
Betamethasone,EHKJ-Z3MM
ONDANSETRON HYDROCHLORIDE,D6WN-O4SO
Antispetic,3PHK-57U0
Moisturizing Antibacterial,AV96-QRXN
OXYGEN,WATJ-757N
Lovastatin,TYNH-JRO1
FENTANYL CITRATE,J37P-ER3L
ERYTHROMYCIN ETHYLSUCCINATE,HYMC-OK0X
Spaced out,YYWI-AGU4
Waterless Anti-Bacterial Hand Cleanser,AZTD-RWQM
OrthoWash,XRNJ-FI2W
SYC Miasm,NQ0C-RGHG
Lisinopril,X98T-C1E0
ALOE SUN BB,E60T-YX2T
Stool Softener,MWW1-5RR1
Klor-Con,XRE9-EI85
Virx,EEXO-Y57I
Harmon Face Values Warm Vanilla Sugar Scent Hand Sanitizer,17XA-F7L2
Prochlorperazine Maleate,YVPB-WR1K
Kiss of Hope,VERH-O1S1
Ketorolac Tromethamine,CM4R-T262
Cetirizine Hydrochloride,D94O-AASS
Amoxicillin,US53-FN9N
Phentermine Hydrochloride,453I-3SUZ
Instant Hand Sanitizer Gel,R1H4-Q3F4
Prednisone,6TUO-IIK8
Hemorrhoidal,QUFU-CMOI
Lysimax,10T2-QKU8
Clonazepam,706I-NNRT
CY BETTER LIPS BALM Humectante para Labios con color FPS 18,21RO-QD20
ATORVASTATIN CALCIUM,FNMJ-SG6Q
Haloperidol,FDU8-AZGJ
Levothyroxine Sodium,HDDH-4D50
Fiore Rx CranApple Crush Antifungal Nail Polish,0L18-5A5R
American Beech,3U64-RGFL
Hydroxyzine,ECPL-0MJP
Isopropyl Alcohol,QIQR-4OY4
Fluocinolone Acetonide,WLD8-AQXJ
Ibuprofen PM,E047-5DT6
Anti-acne,XVYW-YWXF
Nortriptyline Hydrochloride,KJDH-2EAZ
Losartan Potassium and Hydrochlorothiazide,OL8R-BTDH
Broncomar,ICB9-KTKP
DEMEROL,TYM4-D6L6
ESIKA,9C86-B7IG
Potato,E2P2-D4DX
Secret Clinical Invisible,I4R1-JGUL
Quik San,Q4LC-M7PF
Creon,BLFE-V5J4
hemorrhoidal,QM9Y-PG7M
Indomethacin,0H2X-105W
Magix,P5LK-8D01
Morphine Sulfate,EGPD-VZMG
Lorazepam,AKAJ-6B1H
Sulwhasoo,CC8A-SHOO
PROPOFOL,LVY8-AQ1E
Griseofulvin,OQXO-EODS
VALACYCLOVIR HYDROCHLORIDE,WDGU-5UO8
Pramipexole Dihydrochloride,3C4W-41LZ
ibuprofen pm,1C91-6D7I
Clonazepam,Z2DN-QFPY
TopCare Allergy Relief,BK6C-IVJH
Saccharomyces cerevisiae,87SL-HGT6
MANICURE BY OPI - FINISHING BUTTER,XMZR-MU5X
Silver Maple,FVX3-AM8B
Accupril,DEU0-SC9T
good sense allergy,HY4H-O56B
ULMUS CRASSIFOLIA POLLEN,0AXR-5B9K
Perfect Purity Antibacterial Gold,L6RN-MDLZ
cough dm,U2XV-62YA
hemorrhoidal,E75Q-NZMA
Valproic Acid,CE0C-8V89
Covergirl Queen Collection All Day Flawless 3in1 Foundation,2UAI-U8ZV
Levothyroxine Sodium,95N0-5G53
Detox Intestinum,VZRU-D93C
Furosemide,TDA2-2ZC8
Eczema Relief,QXZZ-LBSW
Inspra,LFCD-4M2W
Treatment Set TS332287,PX2E-EJDM
Felbamate,CHY8-W2G4
Oxygen,D11E-RNDA
Glipizide,3ONT-9PXT
Fluoxetine,DLPJ-X2DY
Orphenadrine Citrate,J49D-P8ZB
Equaline Cough DM,SFZL-1FEN
pain relief,5Y0K-DHWH
Entacapone,TEKA-IVYM
Bacitracin,V1Z8-C8NH
Horizant,VKO6-AU0Y
CLOMIPRAMINE HYDROCHLORIDE,6L4S-YSHM
ELIDEL,YQJ2-I7C6
DIVALPROEX SODIUM,G1ZR-S0ZJ
Strattera,83BN-5P1W
SPF 30 Sunscreen Tottle w Carabiner,Y3TK-R9KZ
Select Brand Anti-Nausea,QARJ-BMGA
Sterile Water,LB9J-DAZQ
Aqua Sunset Hand Sanitizer,IQ1F-AX75
leader omeprazole,4ACE-M69J
Yellow Pine,SHZP-KBQD
Sorine,3N86-05CA
Topcare childrens allergy,VGTN-VJK2
Zolpidem Tartrate,LQY5-F8EX
Anecream,3C2X-EXRE
Arnica,IGWV-LX34
Spironolactone,CKYB-FL9T
Motion Sickness,U8TL-FMTO
Prednisone,VSTN-AJNO
Leeks,OIXF-DWBZ
Rose Sap Patch,G2C6-0BUC
Zuplenz,FKGL-S0Y4
ibuprofen,ELTF-DM44
White Birch,5M53-LAUJ
PERFECTION LUMIERE VELVET,DGIU-GTX0
Frosted Berry Hand Sanitizer,3WTU-79HB
Haloperidol,Y2K0-M5V3
TachoSil,I4GN-592F
Hydrochlorothiazide,W4J4-FM73
Gehwol Foot and Shoe Deodorant,SKAC-0OAQ
acid control,7CZ5-PZWZ
Methyldopate Hydrochloride,PQOQ-SESO
Anti-Bacterial Hand,NWA5-O3V6
Isomers Sunscreen with UV pearls Broad Spectrm SPF 20,1AKJ-1IVU
LBEL,Z02J-LB5A
Ibuprofen,ZMS8-HYZK
Antibacterial Foam,TCVD-R48Z
Olanzapine,BZFV-X3XR
No7 Lift and Luminate Foundation Sunscreen Broad Spectrum SPF 15 Cool Vanilla,IOXF-UG48
ILLUMINATING DAILY MOISTURIZER,PYNY-6Q2Y
Fair and Square Antibacterial with Moisturizer,LZ0I-5IEX
Ethambutol Hydrochloride,Q5R1-RV6Z
Extra Strength Night Time Pain Medicine,87ET-Q589
DIORSKIN NUDE BB CREME NUDE GLOW SKIN-PERFECTING BEAUTY BALM SUNSCREEN BROAD SPECTRUM SPF10 Tint 1,KJH9-3XHX
Irbesartan,HNX0-WJ9J
Sun Essential,2BG6-KWH0
Skin Eruptions,OFNW-VGES
Haloperidol Decanoate,OK3W-C5AX
Prandin,KVN7-EV14
Methscopolamine Bromide,W7QU-DMQR
Eye Drops Redness and Dry Eye Relief,TF6T-Q0LN
Potassium Chloride,JDZO-1TV2
INSTANT HAND SANITIZER,9GGR-2UZX
Lymph Plus,QMZ8-URY8
Vibativ,C7I6-DWVG
Ear Relief,NSK7-GB5J
DROXIA,9MUV-959S
Daytime Multi-Symptom Non-Drowsy Cold and Flu,S7C8-WIIL
benzonatate,V4VF-E90F
pain relief,REE0-HRNM
Calcium Folic Acid Plus D Chewable,2TQU-S2X0
KAISER PERMANENTE,0EAZ-2BYC
CLE DE PEAU BEAUTE SILKY FOUNDATION I,6J1U-58IY
APJ HEMORRHOIDAL,O7PY-2LFI
Allerstat,5P2P-MLKA
Amitriptyline Hydrochloride,CJWW-XIA5
Fluconazole,0ZHM-U3SO
Chlorpromazine,BN8Y-DWA3
Breakout Clearing All Over Toner,HO9Z-1171
Furosemide,B02M-C5SY
GUNA-TONSILS,6A1F-41W3
Olay Complete All Day,QZLX-HHTW
PHOTO FINISH MORE THAN PRIMER BLEMISH CONTROL,AISO-VRBF
Cephalexin,X4ON-XGVH
Carvedilol,FMLT-FT08
LIGHT THE WAY,JFGS-XWVP
Ethyl Rubbing Alcohol,DK9K-SR0S
Glucagon,9W1N-6OY0
Toasted Vanilla Sugar Kit,EQ1C-M7RC
Neuro Support Plus Foot Balm,I5YU-OY9J
oxycodone hydrochloride,MF4O-R53O
Leader,UEOP-92J9
Levothyroxine sodium,D8VM-BN8N
Fluvirin,HLGT-NTCK
Borasol,N7JC-MNDY
Pramipexole Dihydrochloride,9031-B8Q9
DAILY MOISTURIZING,5XH9-M60R
Diaper Rash,ZJUJ-7WBT
INSTANT HAND SANITIZER,A3ND-2F4O
TUMS,TYY2-VMO1
LAMOTRIGINE,7CQK-U5JY
PediaCare LongActing Cough,2MT6-3S8P
SOLU-CORTEF,8ZJG-SX8V
DINOPROSTONE,HX0N-I9XX
HEADACHE INSOMNIA,W4OD-N90D
SMART SENSE,U5UB-PMG4
Citalopram,5EX6-0OZB
H-Balm Control,YS97-RWXL
Lidocaine Hydrochloride,H4GP-4GH4
Effexor,WW8D-V3G8
StaphWash Plus,88G4-MEK0
Methocarbamol,RTLK-KOJ8
Red Mulberry,4AEY-WWIE
K-Loss,SG9J-P5YL
flormar Soft Touch Foundation Sunscreen Broad Spectrum SPF 20 ST02 Medium Pink,2WV1-7WJF
Acyclovir,VRL3-OR0A
Fresh Protect Skin Sanitizer,JGTJ-T0RW
Alprazolam,KW6R-NUTY
Treatment 101,B2KF-VRB3
SEROQUEL,YKVI-T40B
SPECIFIC BEAUTY DAILY HYDRATING SPF 30,ZDVN-SX21
Childrens Loratadine,97OB-JO1C
ENALAPRIL MALEATE,WG4N-9SYL
NovoLog,5OIE-EUZ3
LBEL COULEUR LUXE AMPLIFIER XP,EACL-3RZY
Ciprofloxacin,AVVS-PLI8
Carbamazepine,TMXC-I5S2
rexall night time cold and flu,S918-K7QP
DEXEDRINE,3GML-VK5W
SANITACK SANITIZING WIPES PLUS,2KC5-GGVJ
Pravastatin Sodium,548V-1MKT
NANO PPC,J5S5-2J8G
Mary Kay Foundation Primer,MMGB-C33E
leader sinus congestion and pain,WXVO-XHWJ
Stool Softener,9VOM-H6QR
Dexamethasone Sodium Phosphate,B8M9-XNXH
Sestamibi,6Q7K-Z8LN
Alpha E-2,IREI-U9MD
Ciprofloxacin,RMU4-0KYD
Clean and Clear Advantage 3-in-1 Exfoliating Cleanser,PXIX-Y7U6
LEADER ANTI ITCH MAXIMUM STRENGTH,34R4-2SRO
Theochem White Tea Hand and Body Wash,JAUK-SC7A
Sinus and Cold D,8SBB-5SQN
Licefreee Everyday,GLB2-8H6I
Antiseptic Rinse,NFO7-EDBB
DG Health Triacting,6HP7-0VGC
Rohto,VYF4-YZ1V
ENALAPRIL MALEATE,VVRC-XKJZ
ROPINIROLE HYDROCHLORIDE,VS1E-44SA
Antibiotic Ointment,4EYF-I2QA
Melancholy Lift,YB80-HUZB
DR. RECKEWEG R16 Cimisan,TMC9-G8UQ
Hydromorphone Hydrochloride,UPOZ-MZO7
rx act pain relief,2CGR-4JTB
Backache Relief,6865-OKT1
Lilium Viscum,H7YS-LG0A
Betamethasone Dipropionate,5UBU-W7Q1
Dr. Scholls,3X1B-SB2E
Furosemide,IMW1-HWPI
UNITHROID,RR2C-ZXLJ
CYPROHEPTADINE HYDROCHLORIDE,D09T-ZNLJ
Premarin,LZFN-I6V3
Amoxicillin,UFPH-X7Y6
Levofloxacin,GUTZ-G2IO
Laxative Pills,DHMY-0ENG
Advanced Firming and Anti Wrinkle,3MLE-Z1VG
Careone antacid,VJZU-1NUG
PHARMACYS PRESCRIPTION,LMJS-ZRG9
Lisinopril,VCPH-ZSP4
WhiskCare 375,AUY5-A30Q
Smooth Brome,FUIS-ZZ6D
Carvedilol,8BPU-47BO
SKIN ERUPTIONS 7,LNRB-BILD
Trichophyton mentagrophytes,OTTH-71IX
dg health night time cold and flu relief,60BJ-0HXG
Stool Softener,ICFI-CGOH
A D and L Original Diaper Rash Skin,FAFQ-QE7X
ACD,O7GB-C97A
Stavudine,0LTN-LNRA
Kaopectate Regular Strength Vanilla Flavor Anti Diarrheal,RLOJ-0D6C
Didanosine,B4CU-WZJA
Ifosfamide and Mesna,2YKG-6DX1
Metronidazole,NEXU-CN7P
PLATANUS OCCIDENTALIS POLLEN,Z53P-J9AZ
Proactiv,VIUP-7RXY
DG Health Mucus Relief,9E5S-BKKM
EQUATE,FHXI-483N
Allergy Relief,KZKU-OSO1
Good Neighbor Pharmacy Acid Reducer,64NI-0ZJV
Asparagus,UBCC-DFTG
TopCare Acid Reducer,FHIT-BO7U
Acnotex acne Treatment,J0L5-RSTQ
Cetirizine Hydrochloride,2XPE-23W4
levalbuterol hydrochloride,8QTJ-KGNI
Candida albicans,YHQ9-C1G1
Citalopram,2X5T-MH7B
Colgate Anticavity Kit,78RS-9CNG
Original texture Orange flavor,8VT5-OE12
TRAMADOL HYDROCHLORIDE,XTFJ-ENIP
Colyte,UFBF-XFZF
Lamisil,CWRI-AQU4
LBEL EFFET PARFAIT Polvos Compactos de Larga Duracion para rostro FPS 15 /Long Lasting Compact SPF 15,8CO7-W8R7
BAC,TY2R-5OLB
Lovastatin,0HZE-SC0J
HYDROCODONE BITARTRATE AND ACETAMINOPHEN,6UUJ-WIC5
GLYCOPYRROLATE,4U3G-PZ8O
Antacid Supreme Cherry,643A-3X1Y
Carac,NVRI-THPC
Good Sense Anti Itch,LHXB-6AJ8
Nephroplex,7KPG-OXBS
Oxygen,SDHT-HODL
HEADCHES PAINFUL MENSTRUATION,424R-NCP0
Moexipril Hydrochloride and Hydrochlorothiazide,7U97-FM3T
Adult Low Strength Aspirin,UT3Q-FMYC
Anti-Diarrheal,IW2Z-4P4K
Rizatriptan Benzoate,6OFG-EP81
Antiseptic,8FBL-Q3VP
Earwax Removal Aid,JYI4-RCUT
Antiseptic Mouth Rinse,3MRP-AX59
WhiskCare 373,1NV6-6WWV
Atenolol,F5NQ-SI9E
Lamotrigine,KG1L-TZE2
Lopressor,UZUD-B7TR
CLINDAMYCIN,JJSX-NZVS
SQUASH,J8AR-5KX3
TROSPIUM CHLORIDE,CI88-V9V7
Ibuprofen and Diphenhydramine Citrate,7JGL-Q2HC
Sterile Water,OMYL-AKGN
equaline milk of magnesia,G16R-J04X
tussin cough,JUTZ-OGV9
Meaningful Beauty Cindy Crawford Antioxidant,1LDV-0F4F
Exforge,92LO-N8XJ
Sildec PE DM,8LWG-9OOH
JUGLANS NIGRA POLLEN,L0BG-NCD4
Multi-Symptom Daytime Cold,V5B3-SU33
The Body Shop Pomegranate,ZJL3-26JX
Cattle Epithelia,BSCB-L2Y3
Muscle Rub,UPH2-HKIV
No7 Lift and Luminate Foundation Sunscreen Broad Spectrum SPF 15 Deeply Beige,XWV3-CF94
Sertraline Hydrochloride,6D4G-2DD5
ALL-IN-ONE,PPD5-Y8ZZ
CORGARD,AYIQ-X16V
MISSHA M PRISM BRIGHT ON AUTO,XTKR-SHIV
Meclizine Hydrochloride,1F7L-LIY3
RADISH,ZFV7-4D9U
Secret Outlast Clear,CRCY-O0RH
Oxycodone Hydrochloride,CK1V-OA8X
Metamucil,SBOT-4XGE
Clindamycin Hydrochloride,H2DX-UCHW
Sugar Free Refreshing Mint Fishermans Friend Menthol Cough Suppressant,IH02-07ID
Alprazolam,GBNE-POSY
Bambusa Argentum,BJQ4-K48O
VENTOLIN,ED89-DHEN
OXYGEN,12QY-07I9
Geodon,RHN2-GENC
Nutropin AQ NuSpin 20,99BD-BHJ8
Mustard Seed,YCFK-C05Y
HEB,W0UP-R6KE
ZIZISNO,P3PH-O1LG
Ella,RACV-OCEY
Redness reliever,XGLC-3IEE
NATALVIRT 90DHA,03PE-X60O
Nite time,8V5E-ZA92
Stool Softener with Laxative,7G65-SLUZ
Prandin,Z453-QSZ3
Rx Act Cold Head Congestion,WOA2-0ITT
Mucus Relief DM,5PJY-IIDH
Chinese Elm,WLIO-Y6XR
Shell Time Frame Future Resist Foundation Broad Spectrum SPF 20,2LSI-47RI
Bio Vine,HDD9-8P7T
isosorbide mononitrate,K6LO-VAJ0
Dorflex Icy Hot,8A5H-L1U2
FENOFIBRATE,AWHE-2ZDU
Nifedipine,GZXV-T7CC
Eszopiclone,U69L-TQMN
Calcitriol,W8CV-39NU
MAX HYALURONIC STEMCELL EYE,R2RJ-FQDO
Ceftriaxone Sodium,6BVY-HY3L
Labetalol hydrochloride,D0JQ-C35H
Diphenhydramine HCl,9MKG-ASXY
SCREAMIN HOT TOAST,99IM-OID4
Nevirapine,9V63-GIAF
Exforge HCT,Y2HG-E6JH
Ibuprofen,C9VP-ZBG1
CitraNatal Harmony,5NES-XSHR
In Control Nicotine,WU5X-ANIA
REHYDRATE,32T2-307R
WALGREENS CLOTRIMAZOLE,I43V-XQJD
OXYCODONE HYDROCHLORIDE,GW8A-D8V5
Benazepril Hydrochloride,67OI-FTVQ
RITE AID RENEWAL,QMCW-UJUA
Diazepam,RJUU-1UH0
Aplicare Povidone-iodine,URKV-HJ6K
Nitrofurantoin Macrocrystals,XSKX-WI7Z
AMBROSIA TRIFIDA POLLEN,JEUJ-MXHR
Diphenhydramine Hydrochloride,AU42-S05X
Ofloxacin,NLV8-XGJP
Detox Lymph,5DXD-EVIQ
Quelicin,676W-6N2P
Horse Fly,UZ1N-M6UG
Cephalexin,9YQ2-PIPP
PLAGENTRA SOOTHING REVOLUTION SUNCITY,O81G-IGIE
Aspirin,RHQ2-KSE8
Alprazolam,RCRU-EZ8K
Diclofenac Sodium,C2LU-9AS0
Nighttime Sleep Aid,CHND-TFTP
Ibuprofen and Diphenhydramine HCl,AJ5Y-2VG5
ANTIBACTERIAL FOAMING HAND SP,Y8IU-GMR3
ANIOSGEL 85,3P3A-BFFX
allergy relief-d,2KO6-CI7D
Oralair,HSK4-RFIX
Galantamine,RWN5-P5CD
Oxygen,B89Z-V0U5
Ibuprofen PM,LNJX-LLT8
Ciprofloxacin,G6E1-0QV1
Nexterone,JZDR-2KE2
Bisoprolol Fumarate and Hydrochlorothiazide,YFJ8-ZEJE
Calcium Chloride,26JL-CH6N
Antiseptic Mouth Rinse,QIG0-HKH8
Clindamycin Hydrochloride,W3S1-5N3G
Oyster Shell Calcium with Vitamin D,IVVP-4X5S
Trandolapril,B5ZN-5AA8
Mononine,T6Z9-QQNW
Cardene,44K4-47WH
Symmetry Antimicrobial Foaming Hand Wash,3X3G-IM0D
Face Guard 30 SPF,MP1E-OC5B
pain relief 8 hr,N5A1-76GB
LEADER ADVANCED FORMULA,RBYX-MW4I
TCX Skincare,GTQT-VC90
Synthroid,HNM2-9NX0
Promethazine hydrochloride,2URI-W6X5
topcare infants pain and fever,E5SB-SQGZ
SNAIL THERAPY 70 SPECIAL SET,2OWE-9JDN
FELODIPINE,SJIA-374Y
OXYGEN,OA7S-TSUW
Erythromycin,7MYY-2PYX
Emu Essentials Brand Pain Relieving,G1LP-AN6F
Glyburide,P518-TOJB
Penicillium notatum,EY85-XJSZ
JUNIPERUS VIRGINIANA POLLEN,RRW3-89TJ
BHI Flu Plus,FY1C-Z1L1
Nizatidine,JOO1-3RYW
Indomethacin,JU0Q-PABF
REVERDIR PTD Black Diamond Mask,6AM4-N6RG
healthy mama,YKTG-88TQ
equaline vagicaine,3VOD-TG8M
Leader Ibuprofen,G9BF-EMX8
TINNITUS,2QE0-MDTG
Premier Value Arthritis Pain Reliever,AKD8-46LO
Wal-Zan,GYS6-N1VD
metformin hydrochloride,6T0A-OZIR
meloxicam,0M2I-DXU9
Ilaris,GJ1F-U280
Ibuprofen,FVFG-9L15
Lombardy Poplar,63TP-Y3AS
Smith and Johnson Antibacterial,5Y48-XANN
Simvastatin,O5AG-WQI6
Hydroxyzine Pamoate,GNUE-V35D
Saizen,WAD4-M25L
flormar BB Sheer Tinted Beauty Sunscreen Broad Spectrum SPF 15 01 Light,1DIK-PS7S
Oxycodone and Acetaminophen,W3KX-EMLT
IVA XANTHIFOLIA POLLEN,TGLG-B43D
Golden Sunshine Herbal,MEOO-N55A
Aveeno Positively Ageless Complete Anti Aging System,Y5VH-JDSW
Isoniazid,UEDG-F27E
EMBEDA,9NPF-OCG9
Cefdinir,69LH-5FEX
SUMATRIPTAN,8AS4-W7DI
ShopRite Naproxen Sodium,BHU4-S6N9
Vandetanib,TPFC-COS5
Spironolactone,GRWI-04US
PRIVET POLLEN,RQPO-UH2K
Thiothixene,MBPB-XW9I
mally Face Defender Foundation,L250-WX0I
Homatropine,EG8M-WPX7
Hope In A Bottle,9WVH-DF22
WEIGHT CONTROL SUPPORT,SNDY-8ZJI
Timolol Maleate,EPWG-V9GY
minoxidil,OID5-15FM
Doxycycline Hyclate,5IJ8-5MC2
Diltiazem Hydrochloride,C6ZE-DJ9X
Hydroxyzine Hydrochloride,BS70-TIM2
Venlafaxine Hydrochloride,GHMD-R7SG
PROPRANOLOL,UBJB-NDT7
ULMUS PUMILA POLLEN,SID3-JSXT
Triple Antibiotic,PNPC-UC1J
Rite Aid,M222-PC3V
Glandula thyreoidea 6 Special Order,P57M-Q2JH
Naproxen Sodium,VBWZ-66JQ
METROGEL,3B0G-QAQ0
Cover Tint,63LV-BDER
GEM BEAUTY AMETHYST REJUVENATION CREAM,DNQC-QNX3
Diclofenac Sodium,0BHQ-U3IE
Vital HGH,3Z9P-384V
Lisinopril,7E0N-2JQH
MUSCLE THERAPY WITH ARNICA,9FAN-JBAE
pioglitazone hydrochloride,A6PU-EKYR
Losartan Potassium and Hydrochlorothiazide,CDQF-F8LR
FLAWLESS FINISH PERFECTLY NUDE MAKEUP BROAD SPECTRUM SUNSCREEN SPF 15 SHADE CAMEO,F6TJ-OA2I
Medrox,NDPK-TOU0
Flatulence,WHPO-P2LA
Potassium Chloride,QKDC-6RU5
SHISEIDO RADIANT LIFTING FOUNDATION,VZON-F429
Headache Congested,9HKW-LJEH
CD CAPTURE TOTALE Triple Correcting Serum Foundation Wrinkles-Dark Spots-Radiance with sunscreen Broad Spectrum SPF 25 030,GYRM-60XB
Secale Argentum Special Order,C3L9-FB79
Mexiletine Hydrochloride,H4N9-AIBG
"Pollens - Weeds and Garden Plants, Plantain, English Plantago lanceolata",VSAN-FFS4
peg 3350,SQHV-7CM7
Health Mart Loperamide Hydrochloride,VU9L-NGSI
CVS Pore Unclogging Scrub,EZJV-NTWD
Anti-bacterial Hand,5O7C-GJP3
Power Relief,S45K-MS7F
Enviroforce,VYDL-GTH3
Perfect Sleep,DR8D-4LJY
Acyclovir,SP3T-25SR
GLIPIZIDE,BXLW-2SV8
Naproxen,HPM0-8KWG
Alcohol Prep Pad,J6F9-BN7H
Neutrogena Ultra Sheer Dry Touch Sunblock,P1A6-22YF
Ondansetron,7RIS-NDKB
Topiramate,0EXH-5CE7
Triamterene hydrochlorothiazide,XM4O-DHD9
Lancome Tropiques Minerale,UDSU-213B
PROCRIT,715Y-0DQG
Glimepiride,PVZA-TWHJ
Xeloda,V3RW-U1CJ
Sinuchron,50OD-5LMT
CC,EUNS-ZDHS
Levetiracetam,CPN4-390Z
LoHist,LFW8-UQQG
Diovan HCT,3AYE-JL73
Naturasil,B6ZC-BKHZ
Hydroxychloroquine Sulfate,HYFM-SU8K
LBEL,TU9L-K09M
Levothyroxine Sodium,6M7B-HLVA
Metoprolol Tartrate,0LLF-GEP0
Citalopram Hydrobromide,ULVX-LIDX
4 in 1 Pressed Mineral SPF 15 Golden Medium,LMWB-QBOI
Speed Stick,B4G9-D5WV
Norethindrone and Ethinyl Estradiol and Ferrous Fumarate,LLJU-1EVS
Sulfamethoxazole and Trimethoprim,DLI3-G5GY
Morphine Sulfate,87HK-HSSW
Ginger Lime Hand Sanitizer,3JVW-Z9BW
Clonazepam,YHCK-HJW0
DELFLEX,ZL5O-MFN8
Vytone,7QCU-MWAN
R-044 Blemish Fix,WPA7-EE1H
PureForce,Z0HU-O4KX
dicyclomine hydrochloride,3JKN-9ILI
Alendronate Sodium,IJYC-B6U9
Nitroglycerin,AFPD-Z6WD
TapouT,OHG7-3M3N
Paroxetine,B9IV-M86I
Non-Habit Forming Stool Softener,5JXA-I8F8
Finasteride,RD5C-UH8X
Good Sense Suphedrine,JFJV-4N1S
care one aspirin,O7YY-M1Z7
Pioglitazone Hydrochloride,I24B-YA58
Anacard Orient Kit Refill,V2RT-FFJJ
QNASL,6LAE-OWID
Odyssey,LXW1-WWEO
Sotalol Hydrochloride,76U8-6H6P
leader loperamide,SSXE-174H
Carbamazepine,4HTS-CS6L
Beef Liver,49MR-CRG2
Carbon Dioxide,M4JG-28CL
Naproxen,9H98-0I32
Irbesartan and Hydrochlorothiazide,H3BK-GQXX
Glycopyrrolate,PGBM-0HY8
Bellagio Sunscreen SPF 8,T95F-79BF
Enalapril Maleate,1X6C-KPHY
Hibiclens,9WUS-NO08
Esika,O6OL-T4K4
AHC Intense Contour Balm,VDGZ-FW4T
POTASSIUM CHLORIDE IN SODIUM CHLORIDE,40YO-TG6J
Coricidin HBP Cough and Cold,F3XB-EGRU
good sense miconazole 1,R952-01IH
Rocky Mountain KIDS Broad Spectrum SPF 30,52ZD-RM8Q
BETULA LENTA POLLEN,G3C4-5UCX
Lidocaine Hydrochloride,5AWY-G83U
Vibramycin Calcium,XNXW-4BEK
Apricot,K437-WXFP
Duet DHA Balanced,TVY8-RSMZ
ESSENCE OF BEAUTY,Y5GM-3IX8
Antiseptic Mouth Rinse,NCMI-QWHU
Childrens Robitussin Cough and Chest Congestion DM,Q6RK-FDZZ
Colgate Optic White Dual Action Crystal Mint,T4Y8-J3G4
Piperacillin and Tazobactam,QOUN-27MS
Naja Forte,9EQL-GVG3
"Pollens - Trees, Pecan Carya Carya illinoensis",O6AL-PR1K
Povidone Iodine Surgical Scrub,F6M3-H80U
ATORVASTATIN CALCIUM,ITFB-YBP6
Theophylline,6R8H-HKZM
stay awake,VWU4-WZKS
Tamsulosin Hydrochloride,COPY-LG8P
Colgate Max Fresh Clean Mint,S307-TDZC
Instant Hand Sanitizer Unscented,2FPC-JGB3
HEB,RA7K-2R43
Levothyroxine Sodium,LMYX-WZNH
Triaminic,CTPT-RWB8
CLE DE PEAU BEAUTE REFINING FLUID FOUNDATION,I1NS-0PCQ
Karanja Tree Sunshield SPF 30,CS8T-BKQC
MEDICATED ACNE SHOWER,ORB8-MJQ8
Darby,B4WA-H9PS
Sporting Edge,19EO-8DO4
Vagi-Clear,BYAF-UNCS
Softlips Tint,AJGZ-A66G
Scorodite Saccharum Special Order,DN1T-R9DX
RUE 21 Apple Anti Bacterial Hand Sanitizer,6EGU-7JJM
OMNIPAQUE,X1KU-TN49
Methylphenidate Hydrochloride,TY8G-RZML
Phenergan,8OVT-MUR9
Mannitol,AQ6Y-UFP8
AMOXICILLIN,2SDR-DXBN
Marcaine,ODUA-4J0S
HurriCaine,00U7-ZIRJ
Levothyroxine Sodium,AHLR-M6SB
VESIcare,CIEY-1ZWE
cold and flu relief,WQBC-87Y8
Amiloride Hydrochloride,1PMS-CKK8
napoleon PERDIS SHEER GENIUS LIQUID FOUNDATION BROAD SPECTRUM SPF 20 Look 2,QMFJ-EBKS
Anti-Diarrheal,6A3P-2SUP
Shopko Antibacterial Hand Sanitizer,B179-4H4J
BuPROPion Hydrochloride,30CP-E3UC
Diarrhea Vomiting,7H0M-RLK6
Buspirone HCl,NBK0-ZXIF
LISTERINE TOTAL CARE,ZZFC-3CV5
Respen 40 (Number 70),31SF-6EGO
Losartan Potassium,1Q0H-9UGO
PMS Tone,KW4D-5UFH
CLARINS HydraQuench Tinted Moisturizer Broad Spectrum SPF 6 02 BEIGE,PTJ5-BN46
ZAFIRLUKAST,R3RL-EHXY
Carvedilol,N778-O8ZJ
Sertraline Hydrochloride,F2KC-LO9E
Jason Nutrismile Anticavity Orange Cinnamon Mint,XW1O-PMJY
Guinea Pig Epithelium,89EO-5RBA
"Molds, Rusts and Smuts, Aspergillus fumigatus",WR8S-UL08
Stay Awake,BT05-4WG4
Amiodarone Hydrochloride,CT19-BZ60
Alprazolam,EWWE-GSA3
lisinopril,OWE7-XWSE
Propranolol Hydrochloride,7M0I-IYU2
Rexall Maximum Strength Hemorrhoidal,F95N-8PZQ
Atropine Sulfate,LJEK-V0D4
Rifampin,RFEC-VXCV
Sulfamethoxazole and Trimethoprim,VP2A-YPO0
Treatment Set TS348560,R4D4-XU96
END-ZIT,OKAF-OGYV
BETTER THAN NATURE EYE ESSENCE,5KXR-N2AL
Haloperidol,ZXS8-QAHH
Divalproex Sodium,QUP5-M16P
Poli-A,FBKA-KGCR
Lovastatin,I2DA-MTR0
Lyrica,0DQW-GDUR
Clopidogrel,4OEW-PDOG
Degree,MUHX-VRNZ
Oxycodone and Acetaminophen,7M2R-TXJU
ASSURED ORIGINAL RELIEF EYE,1PU0-M7XN
Nefazodone Hydrochloride,MOYR-AYID
Antibacterial Foaming Hand Sanitizer,8IDW-W57U
CVS Medicated Chest Rub,5WO5-WMKW
Cough,KSQQ-T0A6
Lidocaine Hydrochloride,DF9C-LVNZ
Meclizine HCl,90MT-BTYG
Isoniazid,43RK-R2LQ
Famotidine,AFAY-YOHJ
Australian Gold,3SRT-3DJC
Acetylcysteine,OHEK-M0N5
Clonidine Hydrochloride,8JWD-DPQ4
Teething Complex,F6DH-VXBA
Minral Oil,OM8X-GE9B
Simvastatin,DNIC-47F1
SINGULAIR,F3P6-85BF
Acetaminophen PM,GZB6-AI78
LOVASTATIN,RDW5-05OU
CLE DE PEAU BEAUTE REFINING FLUID FOUNDATION,CHY7-KB3M
NEXIUM,GJD2-737E
LBEL HYDRATESS,R9JL-SN3W
Vinceel,BD6K-LEJI
Tolnaftate,Y5XD-QFLB
"Pollens - Weeds and Garden Plants, Lambs Quarters Chenopodium album",I00K-UOX3
Terazosin,9SGL-84T3
CRESTOR,EGA5-AUVY
JUGLANS REGIA POLLEN,C895-IHC0
phosphate,K4BR-DKA6
Metoclopramide,ZWAK-NJQN
Repaglinide,5I0H-D69B
Pineapple Pear Antibacterial Foaming Handwash,MUBC-YD18
Lithostat,STGE-EJIQ
GUNA-MATRIX,JIHH-EG1T
BUDESONIDE,NUHW-VYNT
Elta Tar,DNM1-T5ZQ
Arnica Betula B,603R-6T5Z
Oxygen,INEE-F2AE
Bio Chicory,IMNA-XEEJ
SNAIL THERAPY 1000 HYDROGEL MASK SHEET,CPFN-NIKF
Tussin Sugar Free Cough,IDGT-P04Y
Nivea A Kiss of Cherry Fruity Lip Care,Q32J-VOLY
body luxuries Vanilla Frosting Antibacterial Hand Sanitizer,R21W-R8RU
milk of magnesia,SKB1-9HH6
Promethazine Hydrochloride,QOKN-OR0U
Methylprednisolone,53FZ-I8J7
NITROGEN,JG9U-U6HS
Acyclovir,AF30-8405
Bryophyllum e fol. 10,3W78-QTBD
Thuja,M970-KMWF
Aveeno Baby Continuous Protection,CZDT-83NX
oxygen,SF9Q-BU1I
Severe Cold and Flu,M9GE-USZZ
HAMSOA DR ATOBY MIST,ZBSK-7H6N
LEVOXYL,E44J-AWMB
SohMed Allergy,WL7Z-STSA
Betamethasone Valerate,VV8I-FM5I
piperacillin and tazobactam,8QGI-ZXMY
cold remedy,V8P5-SOH7
Junior Strength Pain and Fever Relief Wild Grape Flavor,D2KV-6C0Z
CLE DE PEAU BEAUTE REFINING FLUID FOUNDATION,WCNF-G9G6
Phytonadione,CH4X-KOUR
HyperHEP B S/D,CL3U-GD0A
Isosorbide Mononitrate,ZNUN-YI3N
ADSOL Red Cell Preservation Solution System in Plastic Container (PL 146 Plastic),KY16-XY89
Esterified Estrogens and Methyltestosterone,INAG-1488
Benztropine Mesylate,9C6J-HPF2
Doxepin Hydrochloride,W0ON-9EV6
Tamsulosin Hydrochloride,UQEA-TXPP
TOPIRAMATE,668W-N6W2
Linden,R0LC-48SE
Phentermine Hydrochloride,SDI9-QD1J
good neighbor pharmacy nasal,Y5QA-T01L
BANANA BOAT,4UI5-O0FA
Panace 40 (Number 65),XKIW-2XMR
Ibuprofen,REMJ-OC0Y
Clonidine Hydrochloride,BG09-CLD2
Mucinex Sinus-Max,RGEV-MBGZ
Good Sense pain and fever,Y299-2WWE
Tums,NPO1-5XUO
Pussy Willow,785D-93FA
ATORVASTATIN CALCIUM,YF0Z-S3KT
pain relief,RB0U-N4D2
TOBI Podhaler,5DDH-5CCU
Muscle Rub,5WHV-5JLL
Oxycodone Hydrochloride,KTXJ-KOXJ
Fiber Lax,NHB1-BIK2
PerioChip,81H7-DTXT
Acid Free-Flux,K6KM-P09G
Fissure Control,339I-IO5Q
ULTRA HYDRA,IRDV-PKD8
MEDI-FIRST Non-Aspirin,CWT5-8SQF
ALFUZOSIN HYDROCHLORIDE,H060-X7CS
Amitriptyline Hydrochloride,JJS1-BZ90
Ibuprofen,UZHJ-ZMNP
Zaliex ALCOHOL-FREE Antiseptic Hand Sanitizer,CY5W-8T7Y
Oxycodone Hydrochloride,O816-BGZO
CareOne Pain Relief,PM08-WU72
Rodan and Fields,P6UA-N4I1
Lidocaine Hydrochloride and Epinephrine,88X3-EPL1
Cefdinir,S9ON-ZOL7
SOLE SERUM,HZ31-YVWJ
NARS PURE RADIANT TINTED MOISTURIZER,JAF4-HHE0
Restorative Day Moisture SPF 15,1TMS-HMNC
TRITICUM AESTIVUM POLLEN,AHZ1-5F2L
Clonidine Hydrochloride,3PNW-06PZ
Ruby-Cell 4U,TW26-WLU8
Medicated Pad,XX1X-F9LG
Risperidone,V7R8-PA1P
Northera,RKYF-ZH1C
SHISEIDO THE MAKEUP PERFECT SMOOTHING COMPACT FOUNDATION (Refill),ESHM-GN8W
PLANTSCRIPTION ANTI AGING OIL FREE BROAD SPECTRUM SPF 25,2O79-C635
Fosinopril Sodium,VWRU-3BBE
Norgestimate and Ethinyl Estradiol,B2GD-287G
Melissa Chamomilla,PKMX-F0GE
Doxepin Hydrochloride,EIOT-50C4
Conjunct-a-Clear,G65V-N38T
XtraCare Vaporizing Chest Rub,0J6K-IWLH
Smart Sense Nicotine,82D2-GCDO
Losortan Potassium,VWDO-FVS5
Diclofenac Sodium,ZLVL-JBD7
Haloperidol,IBND-BFN3
Alternaria alternata,SN48-5O99
Abridge Cold Sore Treatment,S02Q-3M6A
Baby Daily Face and Body,TV7J-7AHZ
Levothyroxine Sodium,MFB5-UPQU
Epicoccum nigrum,TC4V-YNE6
Genuine Efficascent,J0Q5-PS33
ControlRx Multi,1A9Z-QHZA
Rescue Sleep,VEJI-0JA4
DOLOPHINE,XZ7Z-67MA
Vanilla Hand Sanitizer,LY6M-AI6B
CVS Sore Throat Mixed Berry Flavor,TX46-I2IH
ibuprofen,97Z8-0MD6
HyVee,SPZR-WYZ9
Zippity Doos,AWUD-TV82
Ramipril,AHAO-3N63
Amitriptyline Hydrochloride,APOI-Q0L0
Dorzolamide Hydrochloride,LS5H-SEUH
Zep Blue Sky Foaming,NP8W-KDUQ
SHISEIDO THE MAKEUP FOUNDATION,IWT3-MOIY
Artemisia No Smoking,J9M9-NN4Q
Clorazepate Dipotassium,4UZ4-P6AI
Calendula Stibium,CGJA-JNGQ
Vaccination - Illness Assist,VR8B-ZB37
Amlodipine Besylate and Benazepril Hydrochloride,8ZB6-9CE1
Acetaminophen and Codeine Phosphate,Z3P5-JCFG
Losartan Potassium,W0QQ-DCI0
antacid,M0PU-ZQYY
Acetaminophen,C561-G1MV
Pro-Den Rx,K5AX-UZWE
Metoprolol Tartrate,Z1RC-G1S4
Amrix,GN7L-1U53
Maximum Strength Menstrual Relief,UB3T-6ULM
Dexamethasone,FZ76-5GM7
IT RADIANT GLOW BB,1IZ5-0BK0
Phentermine Hydrochloride,84WJ-NLQU
Celery,ULAH-9QAA
Simvastatin,FBMN-DVZ2
PHOMA EXIGUA VAR EXIGUA,3X3C-10DN
ShopKo Absolute Daily Moisturizer SPF15 Sensitive Skin,XPOB-BCAG
Namenda,500T-ZLE2
Daytime Nighttime,K7RC-JB4C
Fluphenazine Hydrochloride,K8PB-JINV
CARTEOLOL HYDROCHLORIDE,QE3T-RDYX
CAREONE,65KK-RCI0
Morphine Sulfate,D2DI-X7LQ
Meaningful Beauty Cindy Crawford Maintenance 1,3VUS-NU2A
Aveeno Clear Complexion Foaming Cleanser,BFQC-CJS8
risperidone,GUT3-67YY
CYCLOPHOSPHAMIDE,XF2X-58UI
Venlafaxine Hydrochloride,0DUG-0LTL
"Nicotine Polacrilex, Original",3XON-4BIE
CD DIORSKIN NUDE CREME Nude Glow Creme Gel Compact Makeup Sunscreen Broad Spectrum SPF20 020,3NQW-MSSL
Witch Hazel,DQ4I-WSOQ
Lip Balm SPF 15,MDIZ-I1UB
TRANZGEL,KZ27-3UI4
Good Sense Ibuprofen,QK9A-MHNZ
Acarbose,1KPW-LDV2
Alfuzosin Hydrochloride,0N5K-C0IM
Sunmark Castor Oil,5YF5-WINA
PredniSONE,DXJ1-QUIK
Antibacterial singlefold Towels,7FRW-P4TZ
Topcare Allergy,9DV7-UIBR
Ziprasidone Hydrochloride,4PCH-01P7
Pranactin-Citric,QLPY-RHWP
XtraCare Wet Wipes,VK1V-OFF9
telmisartan and hydrochlorthiazide,70GP-35U5
Kool Comfort Pain Relieving Roll-On,OTE7-FMAH
Fluoxetine,GF55-YKSZ
Green Pea,CO3G-6ZP6
Budpak Triple Antibiotic Maximum Strength,QXGT-1EW8
Triple Potency HGH,E733-S2BA
BeCause Antibacterial Hand,Y90Q-VVGA
Premier Value Zinc Oxide,PZWM-JCU4
Lidocaine Hydrochloride,1RDV-91RD
Medicated Pad,YB5F-IPHH
Equaline Dandruff,7Q4U-K0D2
LAMIVUDINE AND ZIDOVUDINE,8EPN-P1Y9
Morphine Sulfate,DW3C-WZXT
QUERCUS VIRGINIANA POLLEN,0OVQ-43S6
Hydrochlorothiazide,1V17-BCYT
NovoLog,SNAT-562M
Acyclovir,7F43-IPRO
RILUZOLE,74CF-QYDB
Cetirizine Hydrochloride,FHD3-KGUL
Ramipril,15R2-R8MN
Cuprum sulfuricum 6,1XJQ-WKAC
Sudan Grass,471K-OE9K
SMART SENSE,WYWD-PXZ8
PASPALUM NOTATUM POLLEN,YIUK-NO1Y
Atropine Sulfate,4TE6-YX2K
Lisinopril,D33K-BBLZ
Harris Teeter,6KDS-YXUA
Carbamazepine,WJ4A-QXOD
SILICEA,SKLC-XIJV
SODIUM SULFACETAMIDE AND SULFUR,UC4S-6BWS
Neutrogena Skin Clearing,P7HA-5ALL
Fluconazole,VK43-U033
Hydroxyzine,8BFN-NNQP
Probenecid and Colchicine,CYHW-X8JY
Cytomel,YQHR-OSI2
Sea Breeze Antibacterial Foaming Hand Wash,EM4H-GLH9
Synthroid,WHRV-W8K9
OXYGEN,02AD-RN3L
LBEL,EKAY-9A7K
Zyclara,3MYG-GOKW
Ovaplex,H38E-NEU5
Rapid Comfort Ibuprofen,LHNZ-OW8D
CHILDRENS ALLERGY,6VGV-KG38
Levofloxacin,4ITZ-YYS6
Sinus,0B8L-5RFG
Acid Reducer,RIKA-99IM
Amoxicillin and Clavulanate Potassium,R6VI-I8IM
Sodium Chloride,IMP6-T1P9
Amazonian Clay BB Tinted Moisturizer Broad Spectrum SPF 20 Sunscreen,S62X-HTA6
Aloe Sunscreen,872I-DVAA
CAPTOPRIL,UB9D-4YLT
Fluconazole,CEYC-NTBV
Potassium Chloride,AMGQ-U68M
ibuprofen,K9LB-GOWZ
East Sycamore,CMWM-57YP
Medroxyprogesterone Acetate,Z3HY-QO05
Treatment Set TS330534,8N7W-CGTK
Gabapentin,1BBB-OKQ0
Dermasil Advanced,FRBS-XSB1
Migergot,YL79-HHK2
Acid Reducer,Z4KI-XOLA
ISENTRESS,V4NK-M74V
Rimantadine Hydrochloride,I0Z4-N4T3
zaleplon,2PVW-1GZZ
Lyme HP,Z8VL-DZ4T
Anti-Bacterial Hand,JH5K-Q39N
Low Dose Aspirin,P1J8-N9MF
mercaptopurine,R57P-ALGX
Urban Defense,0BQ8-F2AJ
Dicyclomine Hydrochloride,84X7-P3XV
Cold and Flu Solution,AHM1-X617
Telmisartan,1VJB-18N5
ADRENAL ENERGY,NMK4-0X6L
Aloe Vesta Clear Antifungal,RSWF-VDHS
Methotrexate,FVNH-RKOT
Desoximetasone,FPQ0-4H3P
Pfizerpen,E2II-MIAF
Symbyax,YCBI-DOXO
MEDITOWEL,2LQE-C52P
Nicorette,8A31-LWHN
STOOL SOFTENER,XVX7-FKQ2
Axe Dark Temptation Invisible Solid,WFZV-WW1P
Iophen DM NR,NYHK-GB8O
Pantoprazole Sodium,34H8-R463
Vision Complex,0FND-Y4C6
Hydrochlorothiazide,OBL8-N7YI
Buttermilk Time Frame Future Resist Foundation Broad Spectrum SPF 20,DCL2-MLEX
Mineral Oil,LV97-DN5U
Risperidone,G1MI-SI99
CLEAR CELL Medicated Acne Scrub,D3AW-W5Y9
FOAMING HAND SANITIZER,391I-D5SR
Lidocaine Hydrochloride and Epinephrine,9DZR-YBI7
NebuPent,2QHG-H0HW
Alcohol-Free Anticavity,SCXR-JDDV
BPO,G8YS-5R22
Benefect Natural Hand Sanitizer,Z8I1-MKUD
EpiPen Jr,BDTB-5S3S
Rifampin,36UI-0IM2
MakeSense,AOXZ-XPEI
Xanax,EZWM-L7DO
Olanzapine,ZOAO-NJ1M
Iris germanica comp.,SS62-62OF
Lovastatin,UWCO-5KP5
Instant Hand Sanitizer Fresh Aloe,12AY-J03I
Antibacterial Hand,VQWG-03SQ
Bone Repair,ZE0O-M6RZ
TOBI Podhaler,BWTY-C4HD
Nux Vomica,9747-OYO9
acarbose,CV9D-NJOA
Stibium 0.4,EYRZ-OZYE
RHEUMATSM,R3WI-Z0FV
Methocarbamol,TH7I-JQIC
Afrin No Drip,A9GF-U5A0
Nifedipine,3LDN-DUDG
DG Health Sterile Advanced Relief Eye,KSKF-CW0R
Levofloxacin,8G01-K2MN
Venlafaxine Hydrochloride,7G4H-RIS0
Little Fevers Infant Grape Fever/Pain Reliever,IGWU-MDWH
Losartan Potassium,HYUB-16H2
Oxytocin,4HE3-9SWY
Fentanyl Citrate,AQF5-JT1P
Tahitian Noni TePoema Element Shield,9CED-RFHC
CVS PHARMACY,7OG8-2KBQ
Doxycycline Hyclate,UOJA-OU0N
Hydromorphone Hydrochloride,LOIS-AEHS
Actos,CZ3V-4XPK
Ondansetron,JZVD-HF8C
Actos,ZT2R-6AGX
Pantoprazole,DZQ2-Q8IJ
Nu Skin Nu Colour,D92A-82WW
Fluoxetine,XTPE-SQ0W
ONDANSETRON HYDROCHLORIDE,KW2R-RVMG
Dr. Scholls,AJZH-H5PX
Paroxetine,95SQ-TEQM
CYZONE,QVK7-1N5C
