ProductName,RefNumber,LotNumber
SERTRALINE HYDROCHLORIDE,UNSU-T1J4,47653804
Gabapentin,QJVB-8FSA,38630027
Perphenazine,QQ95-XUCH,17452233
Acid Reducer,ILPX-MUJQ,63079864
MARVEL ULTIMATE SPIDER-MAN ANTISEPTIC HAND CLEANSING BERRY SCENTED,ONLO-G4YE,66504670
Asacol,7DCY-77R0,18936006
Loratadine,VFK7-G2VN,34602307
Meclizine Hydrochloride,QSXL-6INI,70251386
IPECACUANHA,M8CP-XE3T,96805319
Strattera,HX02-GGTJ,11036403
Renes Cuprum,8BET-XSTL,06138390
MEDI-FIRST Ibuprofen,DSCN-OUVX,85869986
Friuts and Flowers Clean Cotton Waterless Hand Sanitizer,F9T1-FQ5I,60097019
phenylephrine hydrochloride,VJD6-XG9B,55170810
Strumeel Forte Rx Oral Drops,8KWB-OTB8,17322452
Clotrimazole,D76C-V6CM,97135757
Unscented Hand Sanitizer,RYE3-O5FI,92759636
Antibacterial,MHND-EXPL,33446532
Herpes Simplex,O222-21ST,02527870
AUGMENTIN,M9D8-TDW1,41851292
Metronidazole,A1J6-6M3G,99887690
Triamcinolone Acetonide,3XLK-GN19,99392161
Fluconazole,0YY9-SS8N,36108728
Antimicrobial Wipes Citrus Scented,57TK-946V,35022843
Norethindrone,YQ2J-EFPW,36265730
Gyno Complex,QZ5F-8I7B,22825332
ACETAMINOPHEN AND CODEINE PHOSPHATE,9VL3-TMUQ,26212687
Mannitol,HEKF-2E36,66579102
Enalapril Maleate,UJHP-MNI1,15654960
"Food - Animal Products and Poultry Products, Pork Sus sp.",9QIM-VISY,21544682
Methotrexate,IZCP-VLBO,83061749
Dial Complete Antibacterial Foaming Hand Wash with Lotion,ASW1-EN99,85979970
anti-bacterial Hand Cleanser,MVP9-LVJT,97264572
Scrofularoforce,4QYK-WU8B,71019313
SKIN ERUPTIONS,2BOZ-0KDT,48883982
Oxymorphone Hydrochloride,CR2P-IXMQ,83786874
Low-Dose Aspirin,NKOT-D8OJ,44868956
TopCare,8I0M-OCTT,37495324
Stool Softener,CVLO-LE06,91627573
WHITE CAVIAR ILLUMINATING HAND SUNSCREEN BROAD SPECTRUM SPF 15,7OEG-TOA3,44677688
Minivelle,EH6P-O9D5,58998808
PROAIRHFA,0543-XXST,01024730
Molecular AF,UQLB-V6U4,45283025
Simvastatin,Y7BK-4KLR,57415108
Antibacterial Foaming Hand Cleanser,8C3J-TUVL,82027307
Metformin Hydrochloride,D1OY-OLDN,59797968
tizanidine hydrochloride,HIBN-14TF,31842359
Hands First,8MQZ-35DX,48800583
Bacitracin,KUX1-3J36,43756264
Curad Alcohol,VH6M-UFGB,07399464
Gold Antibacterial Hand,XIAO-4JXA,46415970
"Molds, Penicillium Mix",SOYC-J2YJ,73065068
Target Fancy Nancy Antibacterial Hand Strawberry Parfait,FROY-7D9W,45730291
Triamterene hydrochlorothiazide,RR76-ZKDJ,10957916
CLINIMIX E,3UVO-XBQK,72564781
ESIKA,IOX5-GPEX,68647790
Myobloc,4E9R-CN3Q,74365501
Se-Care Chewable,P0FC-DJ4V,39646178
Cold - Sinus,C08Q-FU03,84522551
Tums,OXBN-QV1P,55064823
K-Phos,JXU2-OEDS,03294878
Fosphenytoin Sodium,B63B-O905,92136880
Childrens Ibuprofen,MF1F-A1H5,19694698
Muscle and Joint,PUEF-FYAJ,73478829
ASAFOETIDA,6CON-U8AB,15845889
A PERFECT WORLD,5E5A-TEN5,16257286
Torsemide,IWIN-B7W3,11836874
Docusate Sodium,2NAO-0XIZ,73442906
Diltiazem Hydrochloride,R3F3-JCO4,19643187
HEMANGEOL,08NT-MMDQ,90478036
Montelukast Sodium,LRKW-RAQD,86130123
Hydroxyurea,DFR1-OF36,56231078
Avedana Medicated Chest Rub,QWUF-QLVX,82014931
Head and Shoulders,ZOBA-VA9W,38811659
Endopure Testos for Men,53O4-NT93,50195564
Carvedilol,C7T5-K6FZ,42055245
levomefolate calcium and schizochytrium dha,A4NM-MI5I,07797485
Heparin Sodium,IHVO-Z7ZC,30256092
Lisinopril,2OBV-OW63,57933667
Natural Fiber Powder,ICD2-9B5Z,58262439
CLADOSPORIUM SPHAEROSPERMUM,OTZV-56F9,98583652
Onfi,X7C2-UD5B,09053457
Allerpoll,GRYH-3RYC,85792756
Speed Stick,WVFY-H0UA,86172779
zaleplon,JMHY-VU5M,89362872
Gabapentin,W985-NBRU,50637717
Multi Symptom Cold,7A0J-HN0L,76719628
Atenolol and Chlorthalidone,IOJR-3OET,55362504
OXYGEN,CQIM-DLWX,60448646
Allergy Relief D,L1ND-APNY,63429980
Amantadine Hydrochloride,MGHQ-XJ4L,38798545
Diovan HCT,LPDU-SJ12,55718598
CELEBREX,RYP0-X8VF,77450615
Vesica urinaria 8 Special Order,OTQX-E4CP,01607678
Furosemide,HOXE-J5TB,97717297
Carbamazepine,UPV1-SG3W,20776336
Stendra,QE33-L6R7,47296138
OXYGEN,8RQG-T6W8,40382257
Toms Wicked Fresh Cool Peppermint,248G-BLNY,12746634
Temazepam,32GJ-P21S,39853210
equaline allergy,GS51-O7N1,42213078
meloxicam,EUPX-T2FP,62823997
White Mulberry,96DI-MW18,27064631
BISACODYL,5BI1-GLIK,25470504
Loratadine,NQ1O-KKZ0,66982810
Goodsense Senna,1N16-X0DM,02506183
Ropinirole,LZZB-OP8M,24101511
Hair Pulling,9NWZ-8JKT,38628796
MILK OF MAGNESIA MINT,M50E-JQBU,46401488
DIBROMM,VPUS-YFBA,15319573
PROMETHAZINE DM,WDAI-TA9Q,06034985
Nasal Decongestant PE,FGRR-LOLI,83312960
Capture C-Brightening Ampoule,GU73-H72H,69605221
Losartan Potassium and Hydrochlorothiazide,R9DG-BK0J,67146957
Fiore Rx Antifungal ProPen,JWIQ-FOLO,32277663
ENTOCORT,IVVF-1WL4,47428825
Tetracaine Hydrochloride,KJRC-V01T,75458947
Yellow Dock,R5KD-E2C8,14689289
Kapok,2RYO-FPTB,72351241
Laura Mercier Tinted Moisturizer SPF 20 BISQUE,K8CG-QD6U,68279934
fluoxetine,DV3R-23DS,51276311
Guanfacine,R9ZP-OCMI,95855173
sunmark pain reliever,E46P-0Z8L,87586322
GRASTEK,9WSI-ODS8,19313980
Ibuprofen,XR30-X6IA,49728458
BiPla,HORA-0NDU,25248232
NABUMETONE,3DVV-9VIZ,36852716
Fenofibrate,LHD4-8Z1G,05389528
Axe,07E0-OWOF,00546933
Simvastatin,LJN5-B6XS,98655019
Zolpidem Tartrate,FOC0-33YB,20383039
Levofloxacin,BYF7-HU6G,88978314
Clopidogrel,HTE1-GF37,41168301
Loratadine and Pseudoephedrine Sulfate,8ZAU-HWRE,72287048
Cefuroxime Axetil,3SUI-5EIW,27491407
P LAX DR,OIZH-X5X0,35367431
Vanilla,9FJ6-B8WY,77564728
Sinus Congestion PE,SL9W-3YNI,64302789
Prometh with Codeine,4CW3-L9MU,32921357
ATORVASTATIN CALCIUM,8SSF-3NJD,07061380
Famotidine,FKMD-CIGG,49062570
Ramipril,44OA-JM41,74653136
Cultivated Oat,D2N8-2HKW,32400430
Echinacea Ang Kit Refill,KQFF-6QHZ,98063184
Red Kidney Beans,AXAL-L0SE,08342210
HYDROCODONE BITARTRATE AND ACETAMINOPHEN,61HX-HRSE,37659616
Enalapril Maleate,56RJ-2CZZ,44223437
Sunmark Enema,BXUE-8AP8,87405832
Radiaderm Starter Kit,QCQT-WR35,49590748
Ceftriaxone,LVXE-V1JZ,32594170
Alka-Seltzer Plus,PHSM-T0S0,76279743
STEMPHYLIUM SOLANI,OW0N-RCMK,34342259
PONDS,A1S5-U5SE,46519182
Clopidogrel Bisulfate,15S1-PE3A,05291319
kolorz,ZABN-JR4P,67016295
PanOxyl,BZUT-ON5G,72334630
Rite Aid,RYGJ-4XD8,74191953
Fluoxetine,P3VM-C2BR,16130637
Deep Bisque Original,SLQD-ZQFQ,52014734
Trandolapril,T73K-7DP2,19141368
quetiapine fumarate,3T3U-CTDC,40575240
"Antibacterial Hand Cleanser, Non-Alcohol",88LS-LFT0,90488157
Diabenex,EW3V-B01H,30466420
Tramadol Hydrochloride,CJOZ-E8ZH,47401564
Zegerid,ZEZA-IP6E,78813560
Roota Re V Tonic,EBM5-9T3C,52029058
fentanyl citrate,6FBK-5U4B,73853853
Tramadol Hydrochloride,WATJ-IXRJ,59703797
Epstein Barr Virus Remedy,298I-9L61,25063457
phentermine hydrochloride,6G33-RY18,50531076
Good Sense aspirin,FUKK-5U1V,01868747
Aspergillus repens,8XK6-A0CC,44420427
Stribild,9JE8-0N30,37315856
Cefdinir,L4AH-FWE3,04671343
TRAMADOL HYDROCHLORIDE,ZO3L-BOSH,07343109
Tizanidine,2S12-0LYV,09255650
Glimepiride,ER84-J28Y,06532822
Mucus Relief,PHH7-PJ4J,84832634
White Kidney Beans,HW5I-409Y,33893009
METOPROLOL SUCCINATE,PGW6-S7Q9,32900301
Quit Nits Preventative,OLKJ-P9XF,66760314
Bactestat,KVNL-VOIN,73155171
Lotensin HCT,VYML-NDGW,78272872
Amoxicillin,CKJG-G1VH,91016944
Atenolol,JSMO-GAPB,47321879
good sense allergy eye,LWAN-8BC5,22414725
Leader,C0NC-LACZ,46984288
Eucalyptus Cuprum sulf.,EWXT-GCQ2,25631791
up and up adult cough and cold,PR5S-RHN8,76682821
Nifedipine,M38B-OWTT,71278141
SunscreenSPF 30,A7OP-EK54,98030829
Hormeel,H1PH-OOBD,76314731
Lovastatin,XJ2X-9773,34008110
Cactus Cinis Avenae Special Order,V5J3-4GTZ,68828431
SHISEIDO SHEER MATIFYING COMPACT (REFILL),BSYV-1YKG,16896170
BeneFIX,ITR7-YYMU,80197768
Thyroplex,LJ35-OK0M,77768077
Penicilium chrysogenum,DPC7-KQF8,90795815
Quetiapine fumarate,XCZY-Z9OL,11646330
Desonide,HOQ7-WCEP,43145659
Hydroxyzine Pamoate,7ANG-1NB6,74658904
Lisinopril,5DJG-VQ0O,69440149
Dovonex,APST-JJER,08490465
Childrens Cetirizine Hydrochloride,9LF3-A85A,07046709
Maybelline New York Instant Age Rewind Eraser Treatment Makeup Broad Spectrum SPF 18 Sunscreen,WAM0-8B4G,42812056
CVS PHARMACY,VWTX-T6DX,15880670
Magnacet,4D0N-E8UG,77203306
Metformin Hydrochloride,AIKS-0OYV,61765890
simply right famotidine,UQ6O-2WA9,09543190
Bedwetting,QV2P-HSO9,39658366
Acnevir,46N3-O5E3,74170874
DOXEPIN HYDROCHLORIDE,4OKB-TEPN,05244451
Primer Results Tinted Moisturizer SPF15 Caramel,K9N0-4DSI,53902775
equate lice treatment,SU9C-NS92,18602456
DIGOX,KPYN-KKQE,37670382
THRULIFE EXTRA STRENGTH HEADACHE RELIEF,LSKF-AZGC,70605179
BELLA SCHNEIDER BEAUTY Glow And Go Tinted Moisturizing Sunscreen Broad Spectrum SPF 30,OJNZ-MV2L,15757144
Lamotrigine,OJGC-NGC5,27854289
ADVANCED HYDRO-LIQUID COMPACT (REFILL),3IJ7-4XO8,38939558
Quetiapine fumarate,EHK1-SAIT,11359072
FENTANYL,F3IG-CDN3,72411993
Dove Men plus Care,UDD2-J116,13174864
Methocarbamol,DYGY-SLCL,53166254
VITALUMIERE AQUA,75LH-CVTX,03736758
Ciclopirox,LTRE-74P4,50985776
Banana Boat Sport Performance,VDQ8-070Z,21825192
EOVIST,FCC9-39TL,70822038
"Pollens - Weeds and Garden Plants, Ragweed, Giant Ambrosia trifida",JC7X-UKS6,97255276
Losartan Potassium,0PII-7SPN,56439999
Mucus Relief Cough and Congestion DM,9E13-97EH,80272092
Levofloxacin,4WT8-1WB8,77208943
Ibandronate Sodium,HQBJ-L0LR,07784585
Anti-Bacterial Hand,16WN-P1N0,29733758
TOURCIA NUTRI EYE,AKZR-YG4Q,35188027
Sunmark Lice Killing,6NYW-W8Y2,84340192
Chaetomium globosum,RJ3L-4RLR,86668433
Maprotiline Hydrochloride,Z4ST-DQT8,31697609
Clindamycin,VUVI-UD3W,26906420
Helium,JBCC-GBRY,72749381
BSS,4GJG-I52H,89250013
Erythromycin-Benzoyl Peroxide,8MAC-3J8Q,13660723
meloxicam,8ON4-9XE1,28504937
Tramadol Hydrochloride,DGKE-FRUS,44265847
Creamy Peach Antibacterial Foaming Hand Wash,62AM-28FV,13746734
Hydroxyzine Hydrochloride,P6BI-LR5G,71478950
ECO 10 Mineral Sun Pro Puff type,KG1Y-OC7Z,12841475
ALLIUM CEPA,J9GV-CVFM,20177160
Softlips Jelly Bean,RHEP-OZRH,38482128
EQUALINE MEDICATED WIPES,NLW5-ZNKY,70033426
CENTER-AL - FAGUS GRANDIFOLIA POLLEN,SZ2D-KFWF,15714191
Meloxicam,QRYY-9R3N,88937278
POTASSIUM CHLORIDE IN DEXTROSE,DX5M-2ZC2,96983225
childrens acetaminophen melts,LU0H-2030,78752904
simvastatin,G5YD-EPKE,71331823
Nortriptyline Hydrochloride,BPKB-AO8M,13686789
Prednisone,QWLI-IN9O,87780683
ANTIPYRINE AND BENZOCAINE,K3U4-L42Z,19992332
CLADOSPORIUM SPHAEROSPERMUM,4I6W-GJ83,73003510
Golden Sunshine Far Infrared Herbal,Y77D-8S0O,63867330
Guiafenesin,J48F-M848,88879410
Fluocinonide,E2XB-71PK,05667379
Venlafaxine Hydrochloride,11AR-XAIZ,19151479
azithromycin,4CXR-GLHR,75507030
Methocarbamol,X36F-AGEJ,34716762
Arbonne Revelage,QY05-VZT7,24713438
CaviRinse,1CEA-T9IU,08092098
GABAPENTIN,RJAJ-OO7N,75973740
Valacyclovir Hydrochloride,KJUS-I5BE,44238685
Moxifloxacin Hydrochloride,HU59-YU9Y,22101826
Clear Eyes Complete 7 Sympton Relief,IQYP-BJB1,47456586
Technetium Tc99m Generator,HY48-MJTM,53288319
Equate DayTime NiteTime,EIQO-4W5X,94829301
Degree,RM0M-KMCG,44385049
Isoniazid,VVEF-SHUR,26754597
Modesa,67KI-RZ6W,58772267
Cefoxitin,891O-PPLS,57755444
Walgreens Cold Sore Treatment,LSEQ-1KOB,26970468
Umcka ColdCare FastActives Mint-Menthol,T591-7NXQ,58585479
IBUPROFEN,SDQA-V6IY,91341935
EXALGO,KD3C-63KR,68733355
Diphenhydramine Hydrochloride,QLZT-DNOR,35578654
CHLORDIAZE-POXIDE HCL,42LJ-K6EN,35422007
DISCOUNT DRUG MART,F3SH-YFV7,52349565
AVALIDE,O0QE-PVA4,16030512
cold and cough,JX47-SNUV,61596380
CHAPSTICK ULTRA MOISTURE,DGAE-R2PU,68494912
Coppertone Clearly Sheer For Beach and Pool,ESI1-QK0N,57235818
Phentermine Hydrochloride,1ZVG-5LO6,57328515
Antacid,UIOQ-I4HM,47797243
Levothyroxine Sodium,T8TW-JYMN,64783298
Kogenate FS,EJH2-R6G9,92665280
Phentermine Hydrochloride,AR1V-1E18,71242033
Hevert Cough Relief,3J1V-HHE9,21990391
Plus Pharma Extra Strength Acetaminophen PM,VFOE-ZGMU,18266388
Lisinopril,D4CZ-SFKI,58677826
Astragalus e rad. 1%,8JY7-1K1W,66267933
AXIRON,N5Z3-Q0M3,57043988
Aspiring,UL2Y-988C,18580110
Covergirl Outlast Stay Fabulous 3in1 Foundation,1MH5-PZAE,06375241
FNG,JC9A-GY31,06946659
Afinitor,ZSCE-VFLE,07089983
Levetiracetam,IMXU-F0JU,94242767
Heavy Duty Hand Cleaner,SIXT-F790,95337840
Thyro Tonic,N8N5-O8AS,24827499
Dopamine HCl,X77C-WDPX,96169365
BURZANGMURY GOLD TREATMENT,481W-KSH2,21969458
SOMA Disordergen,2CLD-CG3D,22599057
Oral Saline Laxative,2EY9-SEN5,88628586
Lidocaine Hydrochloride,Q58Z-IH3L,89387300
"Smut, Corn",PYUE-SRWH,15657051
CEDAX,3ZMR-PFY4,75886852
Laxative,P927-MQYP,43610704
Mepivacaine,BYQG-WT5H,08161311
Analgesic,3EXK-KI11,92600225
Aluvea,9FHH-KQAI,27709441
Mammaryplex,YG45-TH66,09148103
HYDROCODONE BITARTRATE AND ACETAMINOPHEN,FLRY-F77I,14349405
Larynx Levisticum,P63N-ET0Q,16296614
Crest,6BZB-2VD6,92832066
Gonal-f RFF Redi-ject,NFQ8-ZKO6,27063524
Caffeine Citrate,QTKR-TALD,55075388
Gelato APF,3RA4-OOBT,93630678
Oxycodone and Acetaminophen,BHOB-6FZ1,83702889
Artificial Tears,E4W7-A1OY,57747391
"Standardized Grass Pollen, Sweet Vernal Grass",PAGC-I5AH,79208253
Visudyne,3AK1-RO7M,85883721
equaline allergy and congestion relief,DW0Z-UQ6O,15224007
TRICARE PRENATAL,Y3BZ-51C8,23884158
sunmark ibuprofen ib,FFQC-9TKZ,83592800
Testosterone,1CRA-JL0L,55634922
Metoprolol Tartrate,8FMB-H15T,91449575
Ortho-K Thick,9GWN-X3XE,44205071
Anastrozole,E6TA-0GW1,44837495
SmartMouth,5W8F-3A2Z,14840946
Nu Skin Nu Colour,HW19-GVXX,59991910
Slash Pine,LI08-4PP3,02961618
Spleen,DXCL-298O,63171429
Amoxicillin and Clavulanate Potassium,S6N1-3PSD,89467898
ViraClear EPs 7630 Original,X4F7-DYAF,71609924
Antacid,TK00-14W0,87354546
VALPROIC ACID,FTTP-YT5S,28766468
No7 Lifting and Firming Foundation Sunscreen SPF 15 Almond,1OSM-FREW,31584829
Midazolam Hydrochloride,P1S4-WCGP,17326425
Pyrite Salvia,DBPV-ELJD,65252914
DULOXETINE,9ZXH-0YAN,62569068
UltrasolSunscreen,YHIT-8DF0,28411068
LBEL EFFET PARFAIT MINERAL NATURAL SKIN EFFECT MOUSSE FOUNDATION SPF 16,XBC5-YS9J,29472279
Goats Milk,Y925-NNAP,41081714
Doxazosin Mesylate,UMY5-QY66,30203964
Fluorouracil,97O4-PHGJ,15875240
Oxygen,ZDXH-M52C,53283736
Hydrocodone Bitartrate and Acetaminophen,5BVQ-ULRK,28416607
Primidone,KI9I-D2PG,01164409
BETULA NIGRA POLLEN,RTY6-4O3I,65888038
Pain Relief,G740-ON8P,11333953
Technetium Tc99m Generator,LT77-OI4Y,34672441
Robinul,KTYZ-4111,56159344
Bepreve,4MON-XPT9,29926565
Correway Sunscreen (Non-waterproof),L08S-MEJ4,81831864
LOXITANE,6XOW-B1KW,90943331
Exelon,T6G3-6T2X,24052400
Herbion Naturals,MUN3-GEXM,03522310
Miochol E,BY1S-YIRM,29445339
ALLI,1RLZ-HYOD,49970528
SPF 18 EVERYDAY/YEAR-ROUND SUNSCREEN,RN5O-IB6G,51461438
PureLife APF,AKKT-M7X3,92331828
Sertraline Hydrochloride,86Y3-XXI9,22035662
Nifedipine,UIYZ-ZX8Q,79668336
Rohto Relief,07EI-1NBH,17562105
Vitafol,S3G0-VTBI,39496704
Carvedilol,XN83-23QH,89266164
Umcka Coldcare Lemon,5LL4-M7UV,81952652
Levetiracetam,NG3T-BQ6B,97882172
PAIN Terminator Analgesic,58YM-J2YW,37050323
Hand Sanitizer,Z627-ZWOF,12349723
Fluocinonide,EBZT-96IE,81275883
Plasbumin,27WV-EQ6D,47921101
ACETAMINOPHEN,LHJ6-HEMF,24262710
VALACYCLOVIR HYDROCHLORIDE,DN1I-O2K5,28980844
Multi-Symptom Non-Aspirin Cold Daytime,8IW0-5O8M,24729416
Claravis,TF4E-TXOJ,70697165
Rosacea,41O2-B4TJ,78338414
IVA ANNUA VAR ANNUA POLLEN,OKDZ-71CB,37062468
Valproic Acid,TPHW-PH84,73734040
Melaleuca Pollen,3PWG-NEOG,65674207
Additox,ECO3-FT68,20013313
migraine relief,XQXK-ANJZ,14004432
"Pollens - Trees, Pecan Carya Carya illinoensis",YWSU-YTCX,94709629
Clindamycin in 5 Percent Dextrose,C9YV-JF2Z,58244382
paclitaxel,SMR5-70CU,40713170
ESIKA,QR26-54EV,42063956
Belladonna ex herba 6 Special Order,SM57-23LG,24012922
Signifor,AZL8-M8GY,40619038
Medline Saline Laxative For Children,Z585-8FYS,25896133
Cystex,U97Y-FHEW,76265325
Calendula,RONP-PTVJ,78991851
NEUROSPORA INTERMEDIA,TQ9T-QCT7,93831856
Terazosin Hydrochloride,TBJY-LTH7,32619137
K-TAB,JLLD-30EI,93346039
Buprenorphine HCl and Naloxone HCl,7UQJ-LD4F,52921089
SPA SKILHA,LC15-JO45,07720790
Warfarin Sodium,61RF-MRT9,57008198
Hand-Aid,ZMDJ-DCKH,67086444
Sodium Chloride,PX0I-AJQG,27701604
Halibut,250Q-ZBGB,64937629
Oxygen,X9DJ-QK94,29643280
Fluoxetine Hydrochloride,NEJP-O6I4,51090965
Clopidogrel,ATAX-VVHZ,11745722
epinephrine,8V7R-MKEI,04847912
Loratadine,VIQ0-N6DG,55736619
MICRELL Antibacterial Ltn Sp,KDCU-YI53,76351418
AHC Vital C Complex Mask,BU6T-JU6Y,21889744
Health Care Instant Hand Sanitizer Ice Clear,4X5Z-MN60,29987576
Levetiracetam,B51H-3O07,69948094
EPIVIR,1Y4P-XEZZ,28040286
Adenosine,2W4A-UFD8,41698490
Clear Eyes Triple Action,BVPJ-NCYT,00502313
Doxorubicin Hydrochloride,AYLL-SKAX,37048790
Pristiq,05UL-KB3V,70570904
Dove,YHH2-HG9L,31032925
Complete,W573-SXFV,23801374
Cotton Linters,2G45-SZ3S,39008730
PREPARATION H MEDICATED WIPES FOR WOMEN,NA0G-1Z9V,39954614
Potassium Chloride in Dextrose and Sodium Chloride,ZJIF-M7NO,46568130
Aterra Antibacterial Hand Wash,YJJD-QCBF,57608143
Doxazosin,LN42-GPMP,08270235
Calm Remedy Water,R4UJ-UF2M,18400463
Banana Boat Natural Reflect Sunscreen SPF 50 Plus,WZI1-34GR,89723935
Lantus,Q38Q-U892,85514405
Neurontin,QHU6-26TP,23742888
Skin So Soft Bug Guard Plus IR3535,DR65-PCK7,54216680
Up and UP Anticavity Toothpaste Whitening Plus Mouthwash,VTPN-Z89G,15894888
Benztropine Mesylate,ABX7-ZY0I,84567079
Sertraline Hydrochloride,WW9J-A6UM,86764406
PROMETHAZINE DM,KEMV-KWM7,57949138
Allopurinol,OAHN-2UYK,20831769
Childrens Allergy,Y9CQ-2DSE,00416441
Zolmitriptan,M1K6-IBQH,81986126
NITROGEN,VD1P-8Q1A,83684498
LUVENA FEMININE WIPES,DFKJ-J0JY,77747019
SILICEA,T7JZ-KBTU,42766280
Purminerals 4-in-1 14-Hour Wear Foundation Broad Spectrum SPF 15 (BLUSH MEDIUM),HAZB-AHT6,59548156
Equaline Mucus ER,5B72-P9GZ,10064118
Ramipril,BUD7-5RQ9,73121629
meloxicam,SVXZ-0VAX,91285948
Allernest,HRXQ-0O0S,72721410
Alba Hawaiian Green Tea Sunblock SPF 45,H9GN-14V5,74534059
Nervus ischiadicus 6 Special Order,GCTG-ULKF,27041837
diphenhydramine hydrochloride,EZVF-TGQU,85169933
Risperidone,ZEIK-MIRI,27309642
ULTRA HYDRO FACIAL FOAM,C186-SQVY,49598683
DiorSkin Nude 020 Beige Praline,ZARW-O6F2,24103535
Viscum Mali 4,OCYJ-94K9,29184586
Jet Lag,FMIK-CEDS,81932840
ATOMY BB,GPDA-KSM4,70397960
Oxymorphone hydrochloride,IB00-FXQ5,99869363
PURELL Advanced E3 Rated Instant Hand Sanitizer Foam,4SE9-WDUF,04963357
Cal-5-Revive,CRIY-K0BS,67186305
Morphine Sulfate,QH1B-G021,88612245
Istalol,GZSV-F65N,44304194
Meclizine,MHNJ-7PZN,44689840
Delsym,91O8-Z8GC,16000801
Ileocecal Valve Support,JAEY-07YB,28393845
PERFECTION LUMIERE,RRM0-XZ9K,14735071
Metronidazole,5VE0-882N,17262900
Trazodone Hydrochloride,HP2Y-DDPD,01853116
Pepper Tree Pollen,9TDU-814X,86698489
Nisoldipine,YOG6-8GFE,26195493
Ondansetron,FGGW-VXA7,09117279
LEVETIRACETAM,DQS8-GNDU,72475020
Motion Sickness Relief,U4FK-ZCCV,00929294
MINOXIDIL,V59A-8G2S,37384104
Ipratropium Bromide,SS07-2EJX,19078209
CLE DE PEAU BEAUTE GENTLE PROTECTIVE I,LBGN-P8NZ,18520074
Hydrocodone Bitartrate and Acetaminophen,LR99-ZEER,79392842
Ultra Tuss DM,77JH-39MP,19737798
Flanax Antacid,Z4EV-H3VS,79046850
Advanced relief,91VF-7QXV,74588868
Pleo Pef,YSI3-PDBN,63385758
Headache,EP2E-3B7P,91437262
Calcitriol,G30V-ENC1,93896519
STELARA,M3KX-74A7,17550640
Alendronate Sodium,Z9HM-XUJ7,96889903
Herring,SWJN-YKAC,92498270
BENADRYL Extra Strength Itch Cooling,KO7H-28XF,38831561
Haloperidol Decanoate,B2GG-EAKM,19814859
CLEAN AND POLISH LUXURY,ZVR3-776Q,97034694
Symmetry Antimicrobial Foaming Hand Wash,0T8L-8ZF9,31680715
Anti-bacterial Hand,GEYV-JG72,63338493
Clopidogrel Bisulfate,VHB3-8RYP,57442279
adult severe congestion and cough,DBNL-QRSR,65475085
Valproic Acid,6AB1-CP5U,38723629
SMITH BROS NON-DROWSY MULTI-SYMPTOM COLD and FLU,D8UG-J28N,56114641
Hesol Rim,2IVF-6XON,48347190
triple antibiotic plus,7JVL-ONJ2,15736683
Ticked,4ZAO-NOH3,74044534
GUAAP,ILM0-POTV,79974918
Minocycline Hydrochloride,893H-MUG4,54226876
Trandolapril,GDW5-J7RZ,29475754
ARNICA MONTANA,2E0D-6SZE,66249795
Degree,MR2G-X767,92828464
Avalide,DLG7-Y2ZG,04165363
SNAYTOX HYDROGEL LIP,TMEN-OIPF,40296693
Energise RxS,3390-VB9E,68163152
ShopRite Antibacterial Moist WipesAntibacterial Moi,GLOU-6XFG,60815887
Roccos Old School,DZ4U-RO27,48963077
Nasal Decongestant PE,OLYK-ACWI,35835601
Citalopram,PY49-NHA5,87577627
Clindamycin Palmitate Hydrochloride,0QCA-Z4WG,95309973
little ones vitamin a and d,I8DD-WP00,56951531
E-Z-Paste,21YW-FZHX,01787020
Ear Ringing Symptom Formula,JZZV-GCXY,31227160
Tindamax,KOSF-WO0G,54814071
Ban,1WQ5-0VFJ,57605474
Tussin CF,S4P6-6PQ4,72387232
SHISEIDO ADVANCED HYDRO-LIQUID COMPACT (REFILL),HSQB-01KN,97053985
Throat and Chest Honey Lemon and Menthol,MB57-DRWP,72095728
Nitrogen,79AB-LZSX,24085297
Extra Strength Pain Reliever,QVKS-I5V4,53603106
Cotton Seed,67ZH-BYS6,52814779
Glipizide,343B-TV1R,18144989
ACETAMINOPHEN,78BT-C4M7,64711029
Calcium Carbonate,QHVM-032E,56659078
Clonidine,X2SH-9JW5,09357607
simple pleasures,V7GV-SQ94,78591554
PROMACTA,UJXI-5L4T,77427100
CareOne Childrens Cold and Allergy,4DRI-BKXJ,67784199
Fusarium compactum,ZCI8-COA8,23696944
Antibacterial Hand,NIVE-JYUJ,85091047
Hydroxyzine,MD86-ULI4,81427535
BenoxylDoxy 60 Kit,5R2Q-15XG,65882542
Neutrogena Age Shield Anti Oxidant Face,PZDS-0UM6,37767415
temazepam,F3XK-JGXL,54089536
Bio Hornbeam,E7GN-C2WG,90078688
B-Nexa,ZR0I-Q2I6,13451460
Bicalutamide,WEJN-4V6A,24164269
Indomethacin,FWTG-OHES,84878903
Fluphenazine Hydrochloride,QRLX-YXF5,40838329
NARS PURE SHEER SPF LIP TREATMENT,9IE6-XHON,82829542
Bisacodyl,JGJ5-RQFI,59179419
Vitafol-OB Plus DHA,Z27M-G50Z,86052670
Amlodipine Besylate and Benazepril Hydrochloride,QOL8-UDTN,20589207
Allergy Desensitization,BSSB-J57L,79227063
Relieve Remedy No. 21,01XB-Q090,11002382
MINOCYCLINE HYDROCHLORIDE,YQ50-J5EG,27112616
QPAP Infants Drops,R17C-JU1O,71067384
Metformin Hydrochloride,SEBG-WDPZ,65390753
SARAH CHAPMAN London SKINESIS Dynamic Defence Anti-Ageing Day SPF 15,77OE-JSLA,50437222
Lidocaine Hydrochloride,QWPK-BSED,59667507
Gabapentin,FYTT-WV6O,93352982
Health Care Personnel Handwash,AR0M-CW04,24681260
Epinephrine,LT1Q-QIX7,55975953
SHISEIDO SHEER AND PERFECT FOUNDATION,LBOM-IGMM,40267368
AXERT,6HJU-INOB,00101974
Dog Epithelium,ACQI-BA9Q,30803364
Ketorolac Tromethamine,OWRG-6APG,78517217
Telmisartan and Hydrochlorothiazide,92DR-U6H0,51832432
Infants Silapap,1IJK-FZUO,67400218
Mirtazapine,HAWU-RO3R,50450414
Zolmitriptan,FKWT-8ATH,32247044
CAREONE ANTIMICROBIAL FOAMING HAND SP FALLING RAIN,F0NA-9E9Y,80279276
Mannitol,FBMN-1799,81187936
Incontinence,0T3H-3GUR,21909267
Bepreve,SURF-IGU3,98872117
Trazamine,DE9K-9OJ1,51367120
Ultravate X,X4NL-RUV5,54769983
Glipizide and Metformin Hydrochloride,A35L-RO5W,05638672
Mag Phos,ZA1O-Y2TX,82907914
Lyrica,SCQ8-ZGSM,47446557
Cefazolin,WG90-WZIW,65080427
Felodipine,1VYP-7TLG,49424042
Acacia,FLWH-VPKF,42205219
FRUITOPIA,ADU8-U2OT,29301338
Phentermine Hydrochloride,1G94-1JU5,51940911
diltiazem hydrochloride,7PJW-XEW5,92697264
Hydralazine Hydrochloride,NRC9-KCMC,67033566
Tartar control plus,BAHA-WWTD,43628891
Kiss My Face - Face Factor SPF 30,QQZQ-AW1K,36932700
Parsley,NHV9-K2S7,34735250
Green Guard Pain and Ache Relief,PR8D-Y9RQ,52745197
Cacao Bean,K4RC-SN78,73724669
Insect Bites,WF3B-GW49,59250418
PureBac Foam Wash,RTAP-BIIM,39948771
Primidone,NOHB-WKVJ,68015051
Milk of Magnesia Mint,Q8GH-LHW6,29785248
Injury - Rescue,FO6F-62CR,45288748
Advanced Hand Sanitizer,3NJF-LTO5,35200603
Rabbit Epithelium,0AIA-34ZA,57179613
Childrens Ibuprofen,HH7U-K7X4,58972087
EAD,KN8N-Z2VB,60560848
Azithromycin,3C39-WABL,44248965
Oxcarbazepine,OFU2-TGKH,66128656
Allergy Relief,AHRS-XNRP,73250608
Hyoscyamine,JQKX-R7NI,70497592
Oxycodone Hydrochloride,BHYK-X4QC,43147198
NETTLE POLLEN,86B9-9ONT,08588806
Aloxi,XCH1-HQ7F,57837108
Omeprazole,4R7M-IAUL,67803691
NORITATE,Q3DC-F4UC,72967023
Strattera,583C-HTV0,23210066
Good Neighbor Pharmacy ibuprofen,N9AU-06OM,31574694
Trick or Treat Antibacterial Foaming Hand Wash,LOFA-EAOD,08355137
Air,QLFC-LBIV,60046669
Everyday Clean Dandruff,J4TI-L98B,84868294
Berberis Urtica,NZ9U-7EAM,33694583
ZOLPIDEM TARTRATE,URYO-1T94,60844609
Benzonatate,4AMM-BDTY,21577607
Doxepin Hydrochloride,GFZP-IMM7,11742852
ARANESP,5ENS-D3U1,72348163
Advanced Firming and Anti Wrinkle,0BMB-QJQ4,92586911
Ibuprofen,LIIW-NPZH,49604239
Metronidazole,F5P2-IA07,60683624
Ready Foundation,RV1R-Q8A0,01159868
Red Cedar,D386-TEQA,07477264
Diethylpropion Hydrochloride,3Y2H-9Y5G,84360684
Banana Boat Mens,CVAU-ALOI,83361305
OXYGEN,703C-0T5Y,14634345
Frosted Berries and Cream Sanitizer Pen,LS4N-GH7G,63643106
Dantrolene Sodium,9FLQ-B3U5,43859011
LOreal Paris Ideal Moisture Normal Skin Broad Spectrum SPF 25 Sunscreen,6NZA-5UAS,48786541
ENDODAN,F4HW-3P4T,07647847
jane Be Beautiful,XFYJ-M4LK,04519504
Hydrochlorothiazide,YKO8-QY1F,09443401
Carvedilol,K6R7-OEOJ,64620362
Xopenex,4NHQ-6NFW,58667009
MIDAZOLAM Hydrochloride,LDFR-CBA3,82457684
91 Percent Isopropyl alcohol,BUJI-14HX,94327354
Triaminic,Z5XG-GMHP,60096900
Garlic,X4NB-V3V7,81310505
Q Tussin DM,6W2Q-HE49,37032053
Johnsons Baby Pure Cornstarch Medicated,QC7F-OWER,86699346
Cerebral Composition,U7TU-6QTY,89909304
Lidocaine Hydrochloride,67DY-Y6C6,96199387
pain relief,ZG0G-X472,38907865
sunmark,IITU-L8Q0,89942118
Visible Difference Gentle Hydrating Broad Spectrum Sunscreen SPF 15,4AWT-VGTC,12724158
Leucovorin Calcium,E88X-CU2Z,46371279
Hydromorphone HCl,GH3E-V3P3,09729646
Carbocaine with Neo-Cobefrin,XEVL-S1BR,48601232
Methscopolamine Bromide,FQ4W-3AEZ,51660567
Pre Menstrual relief,GANU-KC90,43360599
Fluvoxamine Maleate,J3XC-V8YU,70471198
lice,F5JS-P7O6,34677640
Antibacterial Hand -Vanilla Brown Sugar,F2CI-O1I4,76493474
Amlodipine Besylate,AO9Z-5VH9,22124426
purelax,UH7M-DC3H,54501752
Maprotiline Hydrochloride,VK3N-2F48,88727087
REQUIP,Q76T-WLWQ,91968703
Hanitizer,VJW0-GKWH,39665636
SyInfect Complex,SH73-XZPA,82175156
Etodolac,TQM7-XAWH,31718555
Orapred,Q3Q0-WMT9,33779114
Propranolol Hydrochloride,CDS1-YO4Q,30461863
Neutrogena Wet Skin Swim-Humidity-Sweat Sunblock,VL34-819S,81929659
Ipratropium Bromide,1WZI-VSNH,02561898
Diazepam,K19B-Z42O,98497103
Sodium Phenylbutyrate,4IUZ-7DP3,89388796
Gabapentin,8OK9-POTV,89171655
Paroxetine Hydrochloride,1OOE-92VZ,30655933
Benadryl Extra Strength Itch Stopping,V1OP-J1VA,30443240
HYDROCODONE BITARTRATE AND ACETAMINOPHEN,3MNT-C877,17095370
Head and Shoulders,LMOD-9N0X,59412360
Equate Acne Treatment Body Pads,HIGY-K77L,60921138
Prascion,09AT-39O0,06961100
Hydrocodone Bitartrate and Homatropine Methylbromide,U230-UKFM,71111669
Flu Relief Therapy Night Time,EKYN-8PFN,07751677
JUNIPERUS ASHEI POLLEN,JKM4-M2YO,94235767
ASPIRIN,085L-ZLYC,70842972
rx act pain relief,7D5Q-GWLZ,66614494
Virginia Live Oak,01ZJ-AWJL,67363275
SEROQUEL,9ZBW-IKU6,91998419
Gnaphalium Stannum,XBO5-B1AR,01323445
CAFFEINE CITRATE,OR02-HDX9,06067244
Hog Epithelium,BA8D-GJ4O,83868331
Ranitidine,DBCJ-0VII,47161409
Burn Jel Plus,LKN7-72HJ,66243553
Hair Regrow,9FMI-L1XC,93041497
Hydrocodone Bitartrate and Acetaminophen,JKHF-UNDC,90489061
Medi First Cramp,CACJ-Z85T,30829514
No7 Lift and Luminate Foundation Sunscreen Broad Spectrum SPF 15 Toffee,WHY8-SHOD,83354473
Morphine Sulfate,J9C6-GNI9,13006826
Nicorelief,U7R2-79JY,28681697
LE TECHNIQ,GY79-NOBY,28829476
METHADONE HYDROCHLORIDE,EJPH-C6IT,12039423
Guardian,7002-BEYD,39513410
Mandragora e rad. 3,WKW5-KQLL,56168071
Polytrim,U38V-XHLU,94021788
Glyburide,7STE-EFKD,32426320
Buspirone Hydrochloride,8H7A-ZV3Y,24490987
Povidone Iodine,VL39-2Y42,62353315
Sumatriptan Succinate,SSLA-BC9X,75977661
Hydroxyzine Hydrochloride,B5LB-X6GJ,64908453
Leader Senna Laxative,P80L-IEMY,25180732
Ibuprofen,4WG6-EJLF,84229073
HyperHEP B S/D,TWAM-VCQ6,52158256
ondansetron hydrochloride,BH4O-V683,29584618
BIOXIDEA MIRACLE 48 EXCELLENCE DIAMOND MASK,1EOT-DHVP,53723960
COVER YOUR MOUTH,JFM0-UZZS,67017058
ENALAPRIL MALEATE,IB9D-E4A2,30367616
Promethazine Hydrochloride,GMB1-KYZH,11308793
SHISEIDO ADVANCED HYDRO-LIQUID COMPACT (REFILL),E4OK-1V9U,70528517
Lomedia 24 Fe,41S7-IE23,95436706
amlodipine besylate and atorvastatin calcium,CVG3-QHAQ,48769291
PAROXETINE,V3QI-GGP4,25472969
CVS PHARMACY,85ID-NOOD,79327013
Food Intolerances,BOEV-0UPF,58535386
Colcrys,FCDA-5IH5,30662719
HyVee,IIZF-EFS8,09149764
Ranitidine,NKV2-6RXD,03361917
sunscreen,RBS4-KJVY,31746085
CD - Dior Multi-perfection Tinted Moisturizer Golden Radiance 2 - SPF 20,ZYKF-HUSK,23751701
Chlorpromazine Hydrochloride,C301-MSY3,47429303
Spironolactone,SCJT-CO1V,19549549
in control nicotine,0RCE-87O6,14433182
Leader Enema,W14M-G5JC,97776995
Nitrofurantion Macrocrystals,A90Z-2BZ3,43798898
THE YEON STYLE Y Y GLAM LUMINOUS CC,9AE8-RGOV,79225799
No7 Stay Perfect Foundation Sunscreen SPF 15 Blonde,UUA7-TGPL,89338624
Fentanyl Citrate,9NF4-M54H,13294475
Terrasil IPL Relief,2E7W-YL7V,80858892
Homeopathic Stop Smoking Formula,3OC4-GM1G,61101061
kids cough,DMJS-2HVL,67582594
Risperidone,1LV4-LCLP,70299356
Hand Sanitizer,RWA6-B9PI,63064813
granisetron hydrochloride,KMSC-HA8G,03741964
FRUITOPIA,8FWY-LN60,83523751
oxacillin,GR0V-5JC7,98112681
DELFLEX,5TIW-1FFS,99972312
zermat MAXIMUM REPAIR INTENSIVE FIRMING FACIAL DAY SUNSCREEN SPF 30,K72T-10FT,34494554
NATURAL SUN AQ SUPER PERFECT SUN,YG8L-PBE1,84457330
Allergy Relief,UF4N-Q72Y,09591274
Glyburide,I8TS-19SO,04000774
Eastern Cottonwood,ESM1-SJFC,65799132
Rapid Comfort Extra Strength Non Aspirin,ZG11-802Q,18862027
Allegra Intensive Relief Anti-Itch,DKAJ-MLDE,31884291
LOreal Paris Advanced Suncare Silky Sheer 50 Plus Broad Spectrum SPF 50 Plus Sunscreen,TH0F-OU5X,98616411
Hydrocodone Bitartrate and Ibuprofen,2XB1-X8OJ,61702615
Desipramine Hydrochloride,SXMP-80L3,55489498
Baclofen,SUD7-W6Q7,88752355
Oxygen,KS4Z-WTQJ,08419049
Nuvel Tropic Roll-on Antiperspirant Deodorant,JF3I-E9LI,67311065
Scalpicin Medicated Wipes,ZFYW-T0QO,09747660
Acyclovir,UP5E-KNHD,10098391
TAGAMET,0T8O-PXOV,43807529
Metoclopramide,P4YX-7802,49174522
Fluoxetine,V4H4-V0SG,99915605
Gadavyt,VZSU-PTD2,36633243
Concerta,30YG-K6F7,80590987
Illuminating Daily Moisturizer,ATBK-174U,32322355
Hydrochlorothiazide,EXA0-OQYC,80571194
MAXIMUM COVER CAMOUFLAGE MAKEUP,JZVY-L2HZ,04667257
Neostigmine Methylsulfate,D4MB-ZB9W,44923267
Folic Acid,LHCP-SLCC,40354886
Gentamicin Sulfate in Sodium Chloride,PROK-PGZN,48675859
acid reducer 150,1FCR-RHRS,51450372
Sulphur Kit Refill,DPJL-M86Z,48217268
Dicyclomine Hydrochloride,VCP2-QZFF,05892938
Salicylic Acid,657G-I541,31837349
Phenytoin Sodium,PBRD-N0HV,13904597
Zolpidem Tartrate,EK1Z-CQJY,51332002
Naproxen Sodium,EMD5-SGPE,56659435
Ropinirole Hydrochloride,U9A7-BXWZ,56084868
Banana Boat Sport Performance,OV6Y-2KGO,40428906
Povidone Iodine Plus,EAHZ-XJDA,50504228
Terazosin Hydrochloride,SF2T-RJLW,68525864
Hydrocodone Bitartrate and Acetaminophen,AFEZ-O5JJ,44240342
Sarna,UY7G-RBI3,73153121
Cefazolin,TQXN-LF9T,02360795
Polocaine,PEX0-8IZ8,90411828
Amturnide,8KE5-JOLB,08581568
WARFARIN SODIUM,XWN9-K8FT,06655717
Morning Fresh,GYF0-C8DY,32459547
Oxazepam,EK3O-03RO,47813714
"Dextroamphetamine saccharate, amphetamine aspartate, dextroamphetamine sulfate, and amphetamine sulfate",J1MU-VKRK,29689660
Hydrochlorothiazide,7G3J-AT2M,60530658
Etodolac,TEL6-QA2L,83686426
Ready Foundation,ONVR-JKJ0,29334641
Lobster,S0GZ-783P,90018272
Mischievous Orange Antibacterial Foaming Hand Wash,D1EL-2HDW,18454804
Motion Medicine,XGT7-HTR4,31063589
EradiKate Facial Mask,CCK7-VV6Y,52700813
Donepezil hydrochloride,7CBI-PHZR,75097875
SudoGest,YI3G-28WZ,20477635
Raggedy Ann and Andy Foam,2CEE-Q1FA,00738804
Dexamethsone,BHMH-TOOD,42552040
Topcare Tussin,QAD3-5F9C,84904147
LAMISL AF,JPSU-7NT3,79661884
Benazepril Hydrochloride and Hydrochlorothiazide,1AIV-W1Q3,56275955
Pyrazinamide,MXW7-RLQX,52569714
"Dextroamphetamine saccharate, amphetamine aspartate monohydrate, dextroamphetamine sulfate and amphetamine sulfate",DTSA-PTXX,39824364
Givenchy Photo Perfexion Fluid Foundation SPF 20 Perfect Praline Tint 5,H9GM-GC08,29869178
equaline allergy,FI87-T52R,41439781
Anticavity Fluoride Rinse,D9AT-U6YJ,30285520
EZ Nite Sleep,J5YQ-O1FH,61131792
FAMILY CARE CLOTRIMAZOLE ANTIFUNGAL,KLVC-KVSJ,08085276
Oforta,0P2V-4RGJ,00409425
Losartan Potassium and Hydrochlorothiazide,3N2H-GIUL,57159843
TRAMADOL HYDROCHLORIDE,RRQE-T443,35307590
Metaproterenol Sulfate,M2HT-XTIG,63940439
Hydromorphone Hydrochloride,06FP-6F9T,92732528
Healthy Accents Pain Relief PM,BP6O-AWJ3,96415337
Metoprolol succinate,SPKB-F7SC,34170471
Progesterone,5RMM-4UV9,45875305
PAMELOR,CWOG-Y1DI,21009355
Fluconazole,I4FW-HIRE,43376272
Simvastatin,9ZRC-2Z9G,67223703
Firebush/Burning Bush,4X5U-LRWJ,94559220
Losartan Potassium and Hydrochlorothiazide,TCAT-5IZ9,32756795
Stona for Children,59LF-4Q50,50870064
Vida Mia Pain Relief,YS5G-R9BW,30930359
Benztropine Mesylate,K3Y1-EEEW,96007854
Potassium Chloride,CCOK-4F4V,83727413
Heartburn Relief,C71A-GSOT,79785698
Allergy Relief,E3O6-CDG7,30391807
Egyptian Cotton Antibacterial Hand Sanitizer,MMRV-NX4V,35605514
DIORSNOW WHITE REVEAL PURE TRANSPARENCY MAKEUP SPF 30 030 Medium Beige,C0AX-QG3F,36643333
Gabapentin,SCRZ-F7J3,50584649
Risperidone,DXCV-FRAL,07640614
Awaken Skin Perfector BB Broad Spectrum SPF 15 Sunscreen Light Medium,1XKV-JVVW,33783930
Good sense sleep aid,8D4S-4N3J,52633343
Piperacillin and Tazobactam,J7JH-2IC9,70217519
Lidocaine Hydrochloride,BXNF-XCOZ,22808676
Alka-Seltzer Plus Day and Night Severe Cold and Flu,ZELX-GXOX,96618209
DERMA GRAN,ZKPC-8BBX,06793265
Benicar,W1YX-V49D,02462142
Doxepin Hydrochloride,5NHG-I5DZ,06532215
Orajel Instant Pain Relief,VAYL-BPGM,81824594
smart sense anti itch,2OTD-C8QD,24588389
Maximum Strength Terminator 10,FVP9-UO8S,75708421
Sodium Chloride,WIZY-JDKE,93556409
SODIUM SULFACETAMIDE,7AYV-J249,73261472
LAMICTAL,MENA-M8EU,53680403
Pulsatilla Compositum,Y2FC-6LFL,05028601
Vida Mia Hand Sanitizer Aloe Vera,RJQX-BD4F,69414701
West Wheat Grass,37GT-CWBU,50942096
Day Time Cold Multi-Symptom Cool Blast,QX2Y-J9EY,57629650
Furosemide,XGFT-3E2P,65322049
Sweat Less,PYMU-O8TX,13035023
DR. RECKEWEG R30 Atomare Beckeron,H48S-ATNK,43707332
Zanaflex,RE2P-WKRC,50410475
Sulindac,H90Q-EDTV,77784452
"Dust, House Mixture",DRZ9-FW7S,72396003
Septaforce,J283-6KVD,91011942
CARDIGAN,DN8W-3U95,05831044
Equaline ibuprofen,BRQ8-4OXY,97726140
Galantamine Hydrobromide,C50X-3IUZ,50813103
MEGA-C-ACID,PUWI-7MA5,84809739
Nortriptyline Hydrochloride,0KEB-DUMZ,18231649
ALOE UP NATURAL LIP ICE SUNSCREEN,3LSU-OIVG,33880296
PROGESTERONE,I78I-YUUT,37200876
ELELYSO,53VV-K8BJ,63278612
Wintergreen Isopropyl Alcohol,64AY-ZXMC,25951762
Muscle and Joint Vanishing Scent,10FD-SNUT,44713024
NEOMYCIN SULFATE,J319-1T89,20505361
Mometasone Furoate,278B-4HXQ,59807385
flormar PERFECT COVERAGE FOUNDATION SUNSCREEN BROAD SPECTRUM SPF 15 103 Creamy Beige,GTX0-8F8H,47817773
Alcohol Prep Pad,OGQL-WDN3,16059499
FLAWLESS FINISH PERFECTLY NUDE MAKEUP BROAD SPECTRUM SUNSCREEN SPF 15 SHADE BUFF,X8EX-CGTT,64297733
Minocycline Hydrochloride,ZIN8-364R,90684789
Body Satin,3K1M-DNE2,99679520
Neurontin,DF98-QQ15,39565248
Dial For Men Dandruff Control Hair and Body Wash,HWUK-WBHA,06560565
Diflunisal,Z77E-H0FA,73663979
Haloperidol,GMPC-WP9Y,02834247
LBEL MAXIMUM COMFORT AND LONG-LASTING FOUNDATION SPF 10,A2SN-BP23,83152840
Adrenapar,22XF-S0XY,67497632
Lavender Hand Sanitizer,8ICT-K9VQ,20850287
Citalopram,SOCI-T68C,88643286
BIOFREEZE COLORLESS,E0KE-TJJJ,06381242
Pravastatin Sodium,A3GL-93QL,72037804
Leader Gas Relief,J5C3-2IK2,81506314
Dextromethorphan Hydrobromide and Promethazine Hydrochloride,K80G-U43Y,84270966
Sertraline hydrochloride,HQKX-R6HC,33404364
Petroleum,1Y7L-22AF,21161799
acyclovir,DDKD-S0I9,06403933
Oregon Ash,W15R-1NPG,92691709
Etodolac,JVXA-UDW0,41669969
Sore Throat,7V82-J9GP,09014971
Nitrogen,ABE2-GNVW,58218689
Verapamil Hydrochloride,5BGP-FNTE,88547029
Lumizyme,A1XY-Y5OH,74017071
Beef,FZK2-XEGT,38508081
CLINIMIX,IQN3-YPAL,74413895
Nighttime sinus,8IJQ-O4GY,82517177
Opana,RD43-3U44,51467632
azithromycin,5VWB-E2SW,07066006
Procentra,XOFF-UDR9,68170958
SEROQUEL,PZ6N-DE5B,01157464
Contac Cold and Flu,3G8U-YU32,81474113
Allergy Relief,GXW3-A074,18516025
Doxycycline Hyclate,BWGE-37T7,54541127
Methylprednisolone,Y9P4-IGNX,26156818
BEING WELL DIAPER RASH CREAMY,VK73-0TI6,80359504
RISPERDAL M-TAB,9K7C-RKHK,81891625
Hydrochlorothiazide,QA0A-D06A,50497511
Talwin,MG2X-158B,20902229
TopCare Daily Moisturizer,W560-RILD,22603909
Depo-Medrol,QPR5-MMAD,22626331
Glimepiride,Q2NY-L372,01214390
Bio Elm,O7NM-0KA6,79611972
CYCLOPHOSPHAMIDE,C46D-XFZ9,31534571
DOUBLE PERFECTION LUMIERE,GRKR-LKBF,15934956
Amlodipine Besylate and Benazepril Hydrochloride,4JQR-G974,34890385
Primidone,8TYQ-PE64,46198831
Derma-Glove,K3WU-XIPX,36017178
Hyoscyamine Sulfate,BN9U-JO18,72347792
OXYMORPHONE HYDROCHLORIDE,PIOF-F5V4,44163873
Pantoprazole Sodium,Q8LN-3I2Y,10565650
MAX HYALURONIC MASK,N0CL-L8WC,26196403
TopCare,Z023-HZAO,66159750
Pain Relief,XT4M-LFG8,35135334
PHENERGAN,22OF-1FP0,94883593
Oat Smut,00GT-T0UW,97501687
Day Time Cold/Flu Relief,10X4-K7ZE,19635587
Folet DHA,M6L9-DXU0,27487169
Captopril,DO9F-9YSN,51621943
Ciprofloxacin,HA82-L9U4,46963404
Propranolol Hydrochloride,OJ73-HB70,83345022
Undesine,CO1Q-KBZS,01664941
Neutrogena Rapid Clear Foaming Scrub,OX17-HZA6,50111825
Warfarin Sodium,OM3C-LYO6,69638621
Metformin Hydrochloride,O009-V0P2,20221390
Boscia Daily Defense Sunscreen Broad Spectrum SPF 50 PA,F7LR-TWQL,65871573
DYAZIDE,A8YL-YGZ7,79667268
Aspirin-Free Tension Headache,B11Q-AGY5,53659622
Obao,FUZG-AIFB,36658794
Niravam,QN4Q-2NIP,38565319
Metoclopramide,J7CY-JPO7,24744716
CORRECT ESSENTIAL ACTIVATOR,V2QJ-KWPP,78142144
Nicardipine Hydrochloride,VV4J-2UPT,65171903
Atovaquone and Proguanil Hydrochloride,QN1X-RY41,05610664
ISOSORBIDE MONONITRATE,RYWJ-MSUC,15097166
Ofloxacin,5TMB-AB47,01234958
Fentanyl Citrate,GRXI-XEJ5,80159951
Fluphenazine Hydrochloride,KEFE-EHFX,68096177
Pantoprazole SodiumDelayed-Release,8HB8-WG00,23080933
Prochlorperazine Edisylate,5Z54-YCQ4,21080372
Quality Choice,D63R-PDL5,28481441
Albuterol,PQFY-2C4V,18451120
Cotton Seed,UAYO-HKDT,49310394
Dandelion,IRQ9-QKLE,95888867
Extra Strength Pain Relief Therapy,GZ65-X7O5,93902726
MIDODRINE HYDROCHLORIDE,DU1T-5QYT,93423589
Bald Cypress,YRPX-N5BP,18360487
Robinul,12E1-HU0C,46614385
MK BZK Swab Sterile,1ELZ-YQ2C,42288036
Bodycology,CGZL-I4PQ,09157363
Health Care Personnel Handwash,5JTI-H603,82345907
Hydrochlorothiazide,VVJI-4A8J,75884513
ANTIBACTERIAL,MEYF-CDIS,34328932
Potassium Chloride in Dextrose and Sodium Chloride,7ACN-WW6T,55012022
Oxygen,21JY-BOKC,93565932
Nilandron,BTNW-STS9,22515883
Humco Turpentine Oil Rectified,S7Q7-JCGT,61468546
Sooryehan Pure-Whitening Essence,AGD0-1VY7,90656502
Ginsamin Health,V5Z8-7BW0,03208437
Be-Dry,TA29-JTNW,92095272
Chantix,24KX-1D9M,72352934
Biaxin,LOP1-4MU3,93337820
PHENERGAN,Y4EF-OEG7,81553895
"Food - Plant Source, Hazelnut (Filbert) Corylus spp.",Z3QC-W6U9,80573287
Tretinoin,D4H0-GUXW,81139876
Budesonide,5IDR-8EJG,62790984
Ciprofloxacin Hydrochloride,JJWO-2ZT7,44343064
Artalgia,SJ18-T3LP,35083291
Cyproheptadine Hydrochloride,PYTC-4156,99271340
Gastrocrom,JRDR-70YW,57747566
ANTIBACTERIAL,XC5M-YWE1,22242099
Thiothixene,T0WU-FVJZ,12590258
Synthroid,GABS-VOUU,63702469
Escitalopram,E9NC-DWPT,59529681
Triple Antibiotic,RBX5-75KZ,31499086
DAYTIME,B97D-I329,17232590
ALNUS INCANA SSP RUGOSA POLLEN,AIKK-SGGH,07053023
HELIUM,D25T-XK73,37156229
mark,H4H0-9769,89846540
AUGMENTIN,XR8Z-WCYL,55170968
Cold - Sinus,U673-N9YY,09521013
Fenofibric Acid,VO3C-PMT3,04787226
Diclofenac Potassium,MFYI-QI92,46115364
RIBASPHERE,ZHVE-JOOC,41088820
Covergirl Queen Collection All Day Flawless 3in1 Foundation,9OV4-KHWA,63249216
Travel-Ease,5H6J-6C19,87758566
Zicam,GEGP-R6WA,14566901
NAIL RENEW,RCXR-8J8K,24779010
Detox Healing BB,SFQO-AVCT,30181446
Oxygen,0QD1-ILOZ,73186015
CEFACLOR,XXD6-IA0X,56386874
Levothyroxine sodium,KBBS-8A33,80407296
Glyburide,O99A-LPK2,41938064
LOreal Paris Advanced Suncare Invisible Protect Dry 30 Broad Spectrum SPF 30 Sunscreen,XEO8-EOPK,34960796
Verapamil,41MK-7J4I,14419318
Metformin Hydrochloride,7VZ5-2K16,57872269
Antacid,VSBG-WM89,50788125
Nadolol,1X5G-9H89,39200049
Nitrofurantion Macrocrystals,KYP9-BNJ3,31171114
Glytone acne cleansing toner,0109-S3CA,86412439
Common Sagebrush,31PE-NQQV,88529505
Male Formula Plus,RXYK-HRBA,76358128
American Beech,HSUZ-K3CU,80544702
